,id
<=7jt,
<=7jt,
<=7jt,
<=7jt,
<=7jt,
<=7jt,
<=7jt,
<=7jt,
>7jt,
<=7jt,
<=7jt,
<=7jt,
<=7jt,
<=7jt,
<=7jt,
>7jt,
<=7jt,
<=7jt,
<=7jt,
<=7jt,
<=7jt,
<=7jt,
<=7jt,
<=7jt,
<=7jt,
<=7jt,
<=7jt,
<=7jt,
>7jt,
>7jt,
>7jt,
<=7jt,
<=7jt,
<=7jt,
<=7jt,
<=7jt,
<=7jt,
<=7jt,
<=7jt,
<=7jt,
<=7jt,
<=7jt,
<=7jt,
<=7jt,
<=7jt,
<=7jt,
<=7jt,
>7jt,
<=7jt,
<=7jt,
<=7jt,
<=7jt,
<=7jt,
<=7jt,
<=7jt,
<=7jt,
<=7jt,
<=7jt,
<=7jt,
<=7jt,
<=7jt,
<=7jt,
>7jt,
<=7jt,
<=7jt,
<=7jt,
>7jt,
>7jt,
>7jt,
<=7jt,
<=7jt,
<=7jt,
<=7jt,
<=7jt,
<=7jt,
<=7jt,
<=7jt,
<=7jt,
<=7jt,
<=7jt,
<=7jt,
<=7jt,
<=7jt,
<=7jt,
<=7jt,
<=7jt,
>7jt,
<=7jt,
<=7jt,
<=7jt,
<=7jt,
<=7jt,
<=7jt,
<=7jt,
>7jt,
<=7jt,
<=7jt,
<=7jt,
<=7jt,
<=7jt,
<=7jt,
>7jt,
<=7jt,
>7jt,
<=7jt,
<=7jt,
<=7jt,
<=7jt,
<=7jt,
<=7jt,
<=7jt,
>7jt,
<=7jt,
<=7jt,
<=7jt,
<=7jt,
<=7jt,
>7jt,
<=7jt,
<=7jt,
<=7jt,
<=7jt,
<=7jt,
<=7jt,
<=7jt,
<=7jt,
<=7jt,
<=7jt,
<=7jt,
<=7jt,
<=7jt,
<=7jt,
<=7jt,
<=7jt,
<=7jt,
<=7jt,
<=7jt,
>7jt,
<=7jt,
<=7jt,
<=7jt,
<=7jt,
<=7jt,
<=7jt,
>7jt,
<=7jt,
<=7jt,
<=7jt,
<=7jt,
<=7jt,
<=7jt,
<=7jt,
<=7jt,
<=7jt,
>7jt,
<=7jt,
<=7jt,
<=7jt,
<=7jt,
>7jt,
<=7jt,
<=7jt,
<=7jt,
<=7jt,
>7jt,
<=7jt,
<=7jt,
<=7jt,
<=7jt,
<=7jt,
<=7jt,
<=7jt,
>7jt,
<=7jt,
<=7jt,
<=7jt,
<=7jt,
<=7jt,
<=7jt,
<=7jt,
>7jt,
>7jt,
>7jt,
<=7jt,
<=7jt,
<=7jt,
>7jt,
<=7jt,
<=7jt,
<=7jt,
<=7jt,
>7jt,
<=7jt,
<=7jt,
<=7jt,
<=7jt,
<=7jt,
<=7jt,
<=7jt,
<=7jt,
>7jt,
<=7jt,
<=7jt,
<=7jt,
<=7jt,
<=7jt,
<=7jt,
<=7jt,
<=7jt,
>7jt,
<=7jt,
<=7jt,
<=7jt,
<=7jt,
<=7jt,
<=7jt,
<=7jt,
<=7jt,
<=7jt,
<=7jt,
>7jt,
<=7jt,
<=7jt,
<=7jt,
<=7jt,
<=7jt,
<=7jt,
<=7jt,
<=7jt,
<=7jt,
<=7jt,
<=7jt,
<=7jt,
<=7jt,
<=7jt,
<=7jt,
<=7jt,
<=7jt,
>7jt,
<=7jt,
<=7jt,
<=7jt,
<=7jt,
<=7jt,
<=7jt,
>7jt,
<=7jt,
>7jt,
<=7jt,
<=7jt,
>7jt,
<=7jt,
<=7jt,
<=7jt,
<=7jt,
<=7jt,
<=7jt,
<=7jt,
<=7jt,
<=7jt,
>7jt,
<=7jt,
<=7jt,
<=7jt,
<=7jt,
<=7jt,
<=7jt,
<=7jt,
<=7jt,
<=7jt,
<=7jt,
<=7jt,
>7jt,
<=7jt,
<=7jt,
>7jt,
<=7jt,
<=7jt,
<=7jt,
<=7jt,
<=7jt,
>7jt,
<=7jt,
<=7jt,
<=7jt,
<=7jt,
<=7jt,
<=7jt,
<=7jt,
<=7jt,
<=7jt,
<=7jt,
<=7jt,
>7jt,
>7jt,
<=7jt,
<=7jt,
<=7jt,
<=7jt,
<=7jt,
<=7jt,
<=7jt,
<=7jt,
<=7jt,
>7jt,
<=7jt,
<=7jt,
<=7jt,
<=7jt,
<=7jt,
<=7jt,
<=7jt,
<=7jt,
<=7jt,
<=7jt,
>7jt,
>7jt,
<=7jt,
<=7jt,
<=7jt,
<=7jt,
<=7jt,
<=7jt,
>7jt,
<=7jt,
<=7jt,
<=7jt,
<=7jt,
<=7jt,
<=7jt,
<=7jt,
<=7jt,
<=7jt,
>7jt,
<=7jt,
<=7jt,
<=7jt,
<=7jt,
<=7jt,
<=7jt,
<=7jt,
>7jt,
<=7jt,
<=7jt,
<=7jt,
<=7jt,
<=7jt,
<=7jt,
<=7jt,
<=7jt,
<=7jt,
<=7jt,
<=7jt,
<=7jt,
<=7jt,
<=7jt,
<=7jt,
<=7jt,
<=7jt,
<=7jt,
<=7jt,
<=7jt,
>7jt,
>7jt,
<=7jt,
<=7jt,
<=7jt,
<=7jt,
<=7jt,
<=7jt,
<=7jt,
<=7jt,
<=7jt,
<=7jt,
<=7jt,
<=7jt,
<=7jt,
<=7jt,
<=7jt,
<=7jt,
<=7jt,
<=7jt,
<=7jt,
<=7jt,
<=7jt,
<=7jt,
<=7jt,
<=7jt,
<=7jt,
<=7jt,
>7jt,
<=7jt,
<=7jt,
<=7jt,
<=7jt,
<=7jt,
<=7jt,
<=7jt,
<=7jt,
<=7jt,
<=7jt,
<=7jt,
<=7jt,
<=7jt,
<=7jt,
>7jt,
<=7jt,
<=7jt,
>7jt,
<=7jt,
<=7jt,
<=7jt,
<=7jt,
>7jt,
<=7jt,
<=7jt,
<=7jt,
<=7jt,
<=7jt,
>7jt,
<=7jt,
<=7jt,
>7jt,
<=7jt,
<=7jt,
<=7jt,
<=7jt,
<=7jt,
<=7jt,
<=7jt,
<=7jt,
<=7jt,
<=7jt,
<=7jt,
<=7jt,
<=7jt,
<=7jt,
<=7jt,
<=7jt,
>7jt,
<=7jt,
<=7jt,
<=7jt,
<=7jt,
<=7jt,
<=7jt,
<=7jt,
<=7jt,
<=7jt,
<=7jt,
<=7jt,
>7jt,
<=7jt,
<=7jt,
<=7jt,
<=7jt,
<=7jt,
<=7jt,
<=7jt,
<=7jt,
>7jt,
<=7jt,
<=7jt,
<=7jt,
<=7jt,
<=7jt,
<=7jt,
<=7jt,
<=7jt,
<=7jt,
<=7jt,
<=7jt,
<=7jt,
<=7jt,
<=7jt,
<=7jt,
<=7jt,
<=7jt,
<=7jt,
<=7jt,
<=7jt,
>7jt,
<=7jt,
<=7jt,
<=7jt,
<=7jt,
<=7jt,
<=7jt,
<=7jt,
<=7jt,
<=7jt,
<=7jt,
<=7jt,
<=7jt,
<=7jt,
<=7jt,
<=7jt,
<=7jt,
<=7jt,
>7jt,
<=7jt,
<=7jt,
<=7jt,
<=7jt,
<=7jt,
<=7jt,
>7jt,
<=7jt,
<=7jt,
<=7jt,
<=7jt,
<=7jt,
<=7jt,
<=7jt,
<=7jt,
<=7jt,
<=7jt,
>7jt,
<=7jt,
>7jt,
<=7jt,
<=7jt,
<=7jt,
<=7jt,
<=7jt,
<=7jt,
<=7jt,
<=7jt,
<=7jt,
<=7jt,
<=7jt,
<=7jt,
<=7jt,
<=7jt,
<=7jt,
<=7jt,
<=7jt,
<=7jt,
>7jt,
<=7jt,
<=7jt,
<=7jt,
<=7jt,
<=7jt,
<=7jt,
<=7jt,
>7jt,
<=7jt,
<=7jt,
<=7jt,
<=7jt,
<=7jt,
<=7jt,
<=7jt,
<=7jt,
>7jt,
>7jt,
<=7jt,
<=7jt,
<=7jt,
<=7jt,
<=7jt,
<=7jt,
<=7jt,
>7jt,
<=7jt,
<=7jt,
<=7jt,
<=7jt,
<=7jt,
<=7jt,
<=7jt,
<=7jt,
>7jt,
<=7jt,
<=7jt,
>7jt,
<=7jt,
<=7jt,
>7jt,
<=7jt,
<=7jt,
<=7jt,
<=7jt,
<=7jt,
<=7jt,
<=7jt,
<=7jt,
<=7jt,
>7jt,
<=7jt,
<=7jt,
<=7jt,
<=7jt,
<=7jt,
>7jt,
<=7jt,
<=7jt,
<=7jt,
<=7jt,
>7jt,
<=7jt,
>7jt,
<=7jt,
<=7jt,
<=7jt,
<=7jt,
<=7jt,
<=7jt,
<=7jt,
<=7jt,
<=7jt,
<=7jt,
<=7jt,
<=7jt,
<=7jt,
<=7jt,
<=7jt,
<=7jt,
<=7jt,
<=7jt,
<=7jt,
<=7jt,
<=7jt,
<=7jt,
>7jt,
<=7jt,
<=7jt,
<=7jt,
<=7jt,
<=7jt,
<=7jt,
<=7jt,
<=7jt,
<=7jt,
>7jt,
<=7jt,
<=7jt,
<=7jt,
<=7jt,
<=7jt,
<=7jt,
<=7jt,
<=7jt,
<=7jt,
<=7jt,
<=7jt,
>7jt,
<=7jt,
<=7jt,
<=7jt,
<=7jt,
<=7jt,
<=7jt,
<=7jt,
<=7jt,
<=7jt,
<=7jt,
>7jt,
<=7jt,
<=7jt,
<=7jt,
<=7jt,
>7jt,
<=7jt,
<=7jt,
<=7jt,
<=7jt,
<=7jt,
<=7jt,
<=7jt,
<=7jt,
<=7jt,
<=7jt,
>7jt,
<=7jt,
<=7jt,
<=7jt,
>7jt,
>7jt,
<=7jt,
<=7jt,
<=7jt,
>7jt,
>7jt,
<=7jt,
<=7jt,
<=7jt,
<=7jt,
>7jt,
<=7jt,
<=7jt,
<=7jt,
<=7jt,
<=7jt,
<=7jt,
<=7jt,
<=7jt,
<=7jt,
<=7jt,
<=7jt,
<=7jt,
<=7jt,
>7jt,
<=7jt,
<=7jt,
<=7jt,
>7jt,
<=7jt,
<=7jt,
<=7jt,
<=7jt,
<=7jt,
<=7jt,
>7jt,
<=7jt,
<=7jt,
<=7jt,
<=7jt,
<=7jt,
>7jt,
<=7jt,
<=7jt,
<=7jt,
<=7jt,
<=7jt,
<=7jt,
<=7jt,
<=7jt,
<=7jt,
<=7jt,
<=7jt,
<=7jt,
<=7jt,
<=7jt,
<=7jt,
<=7jt,
>7jt,
<=7jt,
<=7jt,
<=7jt,
<=7jt,
<=7jt,
>7jt,
<=7jt,
<=7jt,
<=7jt,
<=7jt,
<=7jt,
<=7jt,
<=7jt,
<=7jt,
<=7jt,
<=7jt,
>7jt,
<=7jt,
<=7jt,
<=7jt,
<=7jt,
<=7jt,
<=7jt,
<=7jt,
<=7jt,
<=7jt,
<=7jt,
<=7jt,
<=7jt,
<=7jt,
<=7jt,
<=7jt,
<=7jt,
<=7jt,
<=7jt,
<=7jt,
>7jt,
<=7jt,
<=7jt,
<=7jt,
<=7jt,
<=7jt,
>7jt,
<=7jt,
>7jt,
<=7jt,
<=7jt,
<=7jt,
<=7jt,
<=7jt,
<=7jt,
<=7jt,
<=7jt,
<=7jt,
<=7jt,
<=7jt,
<=7jt,
<=7jt,
<=7jt,
<=7jt,
<=7jt,
<=7jt,
<=7jt,
<=7jt,
>7jt,
<=7jt,
<=7jt,
<=7jt,
<=7jt,
<=7jt,
<=7jt,
<=7jt,
<=7jt,
<=7jt,
<=7jt,
<=7jt,
<=7jt,
<=7jt,
<=7jt,
>7jt,
<=7jt,
<=7jt,
<=7jt,
<=7jt,
<=7jt,
<=7jt,
<=7jt,
<=7jt,
<=7jt,
<=7jt,
>7jt,
<=7jt,
<=7jt,
<=7jt,
<=7jt,
<=7jt,
<=7jt,
<=7jt,
<=7jt,
<=7jt,
<=7jt,
<=7jt,
<=7jt,
<=7jt,
>7jt,
<=7jt,
<=7jt,
<=7jt,
>7jt,
<=7jt,
<=7jt,
<=7jt,
<=7jt,
>7jt,
<=7jt,
<=7jt,
<=7jt,
>7jt,
<=7jt,
>7jt,
<=7jt,
<=7jt,
<=7jt,
<=7jt,
<=7jt,
>7jt,
<=7jt,
<=7jt,
<=7jt,
>7jt,
<=7jt,
<=7jt,
<=7jt,
<=7jt,
<=7jt,
<=7jt,
<=7jt,
<=7jt,
<=7jt,
<=7jt,
<=7jt,
<=7jt,
<=7jt,
<=7jt,
<=7jt,
<=7jt,
<=7jt,
<=7jt,
<=7jt,
<=7jt,
<=7jt,
<=7jt,
>7jt,
<=7jt,
<=7jt,
<=7jt,
<=7jt,
<=7jt,
<=7jt,
<=7jt,
<=7jt,
<=7jt,
<=7jt,
<=7jt,
<=7jt,
<=7jt,
<=7jt,
<=7jt,
<=7jt,
<=7jt,
>7jt,
<=7jt,
<=7jt,
<=7jt,
<=7jt,
<=7jt,
>7jt,
<=7jt,
<=7jt,
<=7jt,
<=7jt,
<=7jt,
<=7jt,
<=7jt,
<=7jt,
>7jt,
>7jt,
<=7jt,
<=7jt,
<=7jt,
<=7jt,
<=7jt,
<=7jt,
<=7jt,
<=7jt,
<=7jt,
<=7jt,
<=7jt,
<=7jt,
<=7jt,
<=7jt,
<=7jt,
<=7jt,
<=7jt,
<=7jt,
<=7jt,
>7jt,
<=7jt,
<=7jt,
<=7jt,
>7jt,
>7jt,
<=7jt,
<=7jt,
>7jt,
<=7jt,
<=7jt,
<=7jt,
<=7jt,
>7jt,
<=7jt,
<=7jt,
<=7jt,
<=7jt,
<=7jt,
<=7jt,
>7jt,
<=7jt,
<=7jt,
<=7jt,
<=7jt,
>7jt,
<=7jt,
<=7jt,
<=7jt,
<=7jt,
<=7jt,
<=7jt,
<=7jt,
<=7jt,
<=7jt,
<=7jt,
>7jt,
<=7jt,
<=7jt,
<=7jt,
<=7jt,
<=7jt,
<=7jt,
>7jt,
>7jt,
<=7jt,
<=7jt,
<=7jt,
<=7jt,
>7jt,
<=7jt,
<=7jt,
<=7jt,
<=7jt,
<=7jt,
<=7jt,
<=7jt,
<=7jt,
<=7jt,
<=7jt,
<=7jt,
<=7jt,
>7jt,
<=7jt,
<=7jt,
<=7jt,
<=7jt,
<=7jt,
<=7jt,
<=7jt,
<=7jt,
<=7jt,
<=7jt,
<=7jt,
<=7jt,
<=7jt,
<=7jt,
<=7jt,
<=7jt,
>7jt,
<=7jt,
<=7jt,
<=7jt,
<=7jt,
>7jt,
<=7jt,
<=7jt,
<=7jt,
<=7jt,
<=7jt,
<=7jt,
<=7jt,
<=7jt,
<=7jt,
>7jt,
<=7jt,
<=7jt,
>7jt,
<=7jt,
<=7jt,
<=7jt,
<=7jt,
>7jt,
<=7jt,
<=7jt,
<=7jt,
<=7jt,
<=7jt,
<=7jt,
<=7jt,
<=7jt,
<=7jt,
<=7jt,
<=7jt,
<=7jt,
<=7jt,
<=7jt,
<=7jt,
<=7jt,
<=7jt,
>7jt,
<=7jt,
<=7jt,
<=7jt,
<=7jt,
>7jt,
<=7jt,
<=7jt,
<=7jt,
<=7jt,
<=7jt,
<=7jt,
<=7jt,
<=7jt,
<=7jt,
<=7jt,
>7jt,
<=7jt,
<=7jt,
<=7jt,
<=7jt,
<=7jt,
<=7jt,
<=7jt,
<=7jt,
<=7jt,
>7jt,
<=7jt,
<=7jt,
<=7jt,
<=7jt,
<=7jt,
<=7jt,
<=7jt,
<=7jt,
<=7jt,
<=7jt,
<=7jt,
<=7jt,
<=7jt,
<=7jt,
<=7jt,
>7jt,
<=7jt,
<=7jt,
<=7jt,
<=7jt,
<=7jt,
>7jt,
<=7jt,
<=7jt,
<=7jt,
<=7jt,
<=7jt,
<=7jt,
<=7jt,
<=7jt,
>7jt,
<=7jt,
<=7jt,
<=7jt,
>7jt,
<=7jt,
<=7jt,
<=7jt,
>7jt,
<=7jt,
<=7jt,
>7jt,
<=7jt,
<=7jt,
<=7jt,
<=7jt,
<=7jt,
<=7jt,
<=7jt,
<=7jt,
>7jt,
>7jt,
>7jt,
<=7jt,
<=7jt,
<=7jt,
<=7jt,
>7jt,
<=7jt,
<=7jt,
<=7jt,
<=7jt,
<=7jt,
<=7jt,
<=7jt,
>7jt,
<=7jt,
<=7jt,
<=7jt,
<=7jt,
<=7jt,
>7jt,
<=7jt,
<=7jt,
<=7jt,
<=7jt,
<=7jt,
<=7jt,
<=7jt,
<=7jt,
<=7jt,
>7jt,
>7jt,
<=7jt,
<=7jt,
<=7jt,
<=7jt,
<=7jt,
<=7jt,
<=7jt,
<=7jt,
<=7jt,
<=7jt,
<=7jt,
<=7jt,
<=7jt,
<=7jt,
<=7jt,
<=7jt,
<=7jt,
<=7jt,
<=7jt,
<=7jt,
<=7jt,
<=7jt,
<=7jt,
<=7jt,
>7jt,
<=7jt,
<=7jt,
<=7jt,
<=7jt,
<=7jt,
>7jt,
>7jt,
<=7jt,
<=7jt,
<=7jt,
<=7jt,
>7jt,
>7jt,
<=7jt,
<=7jt,
<=7jt,
<=7jt,
<=7jt,
<=7jt,
<=7jt,
<=7jt,
>7jt,
<=7jt,
<=7jt,
<=7jt,
<=7jt,
<=7jt,
<=7jt,
<=7jt,
<=7jt,
<=7jt,
<=7jt,
<=7jt,
>7jt,
<=7jt,
<=7jt,
<=7jt,
<=7jt,
<=7jt,
>7jt,
<=7jt,
<=7jt,
<=7jt,
>7jt,
<=7jt,
<=7jt,
<=7jt,
<=7jt,
<=7jt,
<=7jt,
<=7jt,
<=7jt,
<=7jt,
<=7jt,
<=7jt,
<=7jt,
>7jt,
<=7jt,
<=7jt,
<=7jt,
<=7jt,
<=7jt,
<=7jt,
<=7jt,
<=7jt,
<=7jt,
<=7jt,
<=7jt,
<=7jt,
<=7jt,
>7jt,
<=7jt,
<=7jt,
<=7jt,
<=7jt,
<=7jt,
<=7jt,
<=7jt,
<=7jt,
<=7jt,
<=7jt,
<=7jt,
<=7jt,
<=7jt,
<=7jt,
<=7jt,
<=7jt,
<=7jt,
<=7jt,
>7jt,
<=7jt,
<=7jt,
>7jt,
<=7jt,
<=7jt,
<=7jt,
<=7jt,
<=7jt,
<=7jt,
>7jt,
>7jt,
<=7jt,
<=7jt,
<=7jt,
<=7jt,
<=7jt,
<=7jt,
<=7jt,
<=7jt,
<=7jt,
<=7jt,
<=7jt,
<=7jt,
<=7jt,
<=7jt,
<=7jt,
<=7jt,
<=7jt,
>7jt,
<=7jt,
<=7jt,
<=7jt,
<=7jt,
<=7jt,
<=7jt,
<=7jt,
<=7jt,
<=7jt,
<=7jt,
<=7jt,
<=7jt,
<=7jt,
<=7jt,
<=7jt,
<=7jt,
>7jt,
<=7jt,
<=7jt,
<=7jt,
<=7jt,
<=7jt,
<=7jt,
<=7jt,
<=7jt,
<=7jt,
<=7jt,
<=7jt,
<=7jt,
>7jt,
<=7jt,
<=7jt,
<=7jt,
<=7jt,
>7jt,
<=7jt,
>7jt,
<=7jt,
<=7jt,
<=7jt,
<=7jt,
<=7jt,
<=7jt,
<=7jt,
<=7jt,
<=7jt,
<=7jt,
<=7jt,
<=7jt,
<=7jt,
<=7jt,
<=7jt,
<=7jt,
<=7jt,
<=7jt,
<=7jt,
<=7jt,
<=7jt,
<=7jt,
<=7jt,
>7jt,
<=7jt,
<=7jt,
>7jt,
<=7jt,
<=7jt,
>7jt,
<=7jt,
<=7jt,
<=7jt,
<=7jt,
<=7jt,
<=7jt,
<=7jt,
<=7jt,
>7jt,
<=7jt,
<=7jt,
<=7jt,
>7jt,
<=7jt,
<=7jt,
>7jt,
<=7jt,
<=7jt,
<=7jt,
<=7jt,
<=7jt,
<=7jt,
<=7jt,
<=7jt,
<=7jt,
<=7jt,
<=7jt,
<=7jt,
<=7jt,
<=7jt,
>7jt,
<=7jt,
<=7jt,
>7jt,
<=7jt,
<=7jt,
<=7jt,
<=7jt,
<=7jt,
<=7jt,
<=7jt,
<=7jt,
<=7jt,
<=7jt,
<=7jt,
<=7jt,
<=7jt,
<=7jt,
<=7jt,
<=7jt,
<=7jt,
<=7jt,
<=7jt,
>7jt,
<=7jt,
<=7jt,
<=7jt,
<=7jt,
<=7jt,
<=7jt,
<=7jt,
<=7jt,
<=7jt,
>7jt,
<=7jt,
<=7jt,
<=7jt,
>7jt,
<=7jt,
<=7jt,
<=7jt,
<=7jt,
<=7jt,
<=7jt,
>7jt,
<=7jt,
>7jt,
>7jt,
>7jt,
<=7jt,
<=7jt,
>7jt,
<=7jt,
<=7jt,
<=7jt,
<=7jt,
<=7jt,
<=7jt,
<=7jt,
<=7jt,
<=7jt,
>7jt,
<=7jt,
>7jt,
>7jt,
<=7jt,
<=7jt,
<=7jt,
<=7jt,
<=7jt,
>7jt,
<=7jt,
<=7jt,
<=7jt,
<=7jt,
<=7jt,
<=7jt,
<=7jt,
<=7jt,
<=7jt,
<=7jt,
>7jt,
<=7jt,
<=7jt,
<=7jt,
<=7jt,
<=7jt,
<=7jt,
<=7jt,
<=7jt,
>7jt,
<=7jt,
<=7jt,
<=7jt,
<=7jt,
<=7jt,
<=7jt,
<=7jt,
>7jt,
<=7jt,
<=7jt,
<=7jt,
<=7jt,
<=7jt,
<=7jt,
<=7jt,
>7jt,
<=7jt,
<=7jt,
<=7jt,
>7jt,
<=7jt,
<=7jt,
<=7jt,
<=7jt,
>7jt,
<=7jt,
<=7jt,
<=7jt,
<=7jt,
<=7jt,
>7jt,
<=7jt,
<=7jt,
<=7jt,
<=7jt,
<=7jt,
<=7jt,
<=7jt,
<=7jt,
<=7jt,
<=7jt,
<=7jt,
<=7jt,
<=7jt,
<=7jt,
<=7jt,
<=7jt,
<=7jt,
<=7jt,
<=7jt,
<=7jt,
<=7jt,
<=7jt,
<=7jt,
<=7jt,
<=7jt,
<=7jt,
<=7jt,
<=7jt,
<=7jt,
<=7jt,
<=7jt,
<=7jt,
<=7jt,
<=7jt,
<=7jt,
<=7jt,
<=7jt,
<=7jt,
<=7jt,
>7jt,
<=7jt,
>7jt,
<=7jt,
<=7jt,
<=7jt,
<=7jt,
<=7jt,
<=7jt,
>7jt,
<=7jt,
>7jt,
<=7jt,
<=7jt,
<=7jt,
<=7jt,
<=7jt,
<=7jt,
<=7jt,
>7jt,
<=7jt,
<=7jt,
<=7jt,
<=7jt,
<=7jt,
<=7jt,
<=7jt,
<=7jt,
<=7jt,
<=7jt,
<=7jt,
<=7jt,
<=7jt,
<=7jt,
<=7jt,
>7jt,
<=7jt,
<=7jt,
<=7jt,
<=7jt,
<=7jt,
<=7jt,
<=7jt,
<=7jt,
<=7jt,
>7jt,
>7jt,
<=7jt,
<=7jt,
<=7jt,
>7jt,
<=7jt,
<=7jt,
<=7jt,
<=7jt,
<=7jt,
<=7jt,
<=7jt,
<=7jt,
<=7jt,
<=7jt,
<=7jt,
<=7jt,
<=7jt,
<=7jt,
>7jt,
<=7jt,
<=7jt,
<=7jt,
<=7jt,
<=7jt,
<=7jt,
<=7jt,
<=7jt,
<=7jt,
<=7jt,
<=7jt,
<=7jt,
<=7jt,
<=7jt,
<=7jt,
<=7jt,
<=7jt,
<=7jt,
<=7jt,
<=7jt,
<=7jt,
<=7jt,
<=7jt,
<=7jt,
<=7jt,
<=7jt,
<=7jt,
<=7jt,
<=7jt,
<=7jt,
<=7jt,
<=7jt,
<=7jt,
<=7jt,
<=7jt,
<=7jt,
>7jt,
<=7jt,
<=7jt,
<=7jt,
<=7jt,
<=7jt,
<=7jt,
>7jt,
<=7jt,
<=7jt,
<=7jt,
<=7jt,
<=7jt,
<=7jt,
<=7jt,
<=7jt,
<=7jt,
<=7jt,
<=7jt,
<=7jt,
<=7jt,
<=7jt,
<=7jt,
>7jt,
<=7jt,
>7jt,
<=7jt,
<=7jt,
<=7jt,
<=7jt,
<=7jt,
<=7jt,
<=7jt,
<=7jt,
<=7jt,
<=7jt,
<=7jt,
<=7jt,
<=7jt,
<=7jt,
<=7jt,
>7jt,
<=7jt,
<=7jt,
<=7jt,
<=7jt,
<=7jt,
>7jt,
<=7jt,
<=7jt,
<=7jt,
<=7jt,
>7jt,
<=7jt,
<=7jt,
<=7jt,
<=7jt,
<=7jt,
<=7jt,
<=7jt,
>7jt,
<=7jt,
>7jt,
<=7jt,
<=7jt,
<=7jt,
<=7jt,
<=7jt,
<=7jt,
<=7jt,
<=7jt,
<=7jt,
<=7jt,
<=7jt,
<=7jt,
<=7jt,
>7jt,
<=7jt,
<=7jt,
<=7jt,
<=7jt,
<=7jt,
<=7jt,
<=7jt,
<=7jt,
<=7jt,
>7jt,
<=7jt,
<=7jt,
<=7jt,
<=7jt,
<=7jt,
<=7jt,
<=7jt,
>7jt,
<=7jt,
<=7jt,
>7jt,
<=7jt,
<=7jt,
<=7jt,
<=7jt,
<=7jt,
>7jt,
<=7jt,
<=7jt,
>7jt,
<=7jt,
<=7jt,
<=7jt,
<=7jt,
<=7jt,
<=7jt,
>7jt,
<=7jt,
<=7jt,
<=7jt,
<=7jt,
<=7jt,
<=7jt,
<=7jt,
<=7jt,
<=7jt,
<=7jt,
<=7jt,
<=7jt,
<=7jt,
<=7jt,
<=7jt,
<=7jt,
<=7jt,
<=7jt,
<=7jt,
<=7jt,
<=7jt,
<=7jt,
<=7jt,
<=7jt,
<=7jt,
>7jt,
<=7jt,
<=7jt,
<=7jt,
<=7jt,
<=7jt,
<=7jt,
<=7jt,
>7jt,
<=7jt,
<=7jt,
<=7jt,
<=7jt,
<=7jt,
<=7jt,
<=7jt,
<=7jt,
<=7jt,
>7jt,
>7jt,
>7jt,
<=7jt,
<=7jt,
<=7jt,
<=7jt,
<=7jt,
<=7jt,
<=7jt,
<=7jt,
<=7jt,
>7jt,
<=7jt,
>7jt,
<=7jt,
<=7jt,
<=7jt,
<=7jt,
<=7jt,
<=7jt,
<=7jt,
<=7jt,
>7jt,
<=7jt,
<=7jt,
<=7jt,
<=7jt,
<=7jt,
<=7jt,
<=7jt,
<=7jt,
<=7jt,
<=7jt,
<=7jt,
>7jt,
<=7jt,
<=7jt,
<=7jt,
<=7jt,
<=7jt,
<=7jt,
<=7jt,
<=7jt,
<=7jt,
<=7jt,
<=7jt,
<=7jt,
<=7jt,
<=7jt,
<=7jt,
<=7jt,
<=7jt,
<=7jt,
<=7jt,
<=7jt,
<=7jt,
<=7jt,
<=7jt,
<=7jt,
>7jt,
>7jt,
<=7jt,
<=7jt,
<=7jt,
<=7jt,
<=7jt,
<=7jt,
<=7jt,
>7jt,
<=7jt,
<=7jt,
>7jt,
<=7jt,
>7jt,
<=7jt,
<=7jt,
>7jt,
<=7jt,
>7jt,
<=7jt,
<=7jt,
<=7jt,
<=7jt,
<=7jt,
<=7jt,
<=7jt,
<=7jt,
<=7jt,
<=7jt,
<=7jt,
<=7jt,
<=7jt,
<=7jt,
<=7jt,
<=7jt,
<=7jt,
<=7jt,
<=7jt,
<=7jt,
<=7jt,
<=7jt,
<=7jt,
<=7jt,
<=7jt,
>7jt,
<=7jt,
<=7jt,
<=7jt,
<=7jt,
<=7jt,
<=7jt,
<=7jt,
<=7jt,
<=7jt,
<=7jt,
>7jt,
<=7jt,
<=7jt,
<=7jt,
<=7jt,
<=7jt,
<=7jt,
<=7jt,
<=7jt,
<=7jt,
>7jt,
<=7jt,
>7jt,
<=7jt,
>7jt,
<=7jt,
<=7jt,
<=7jt,
<=7jt,
<=7jt,
<=7jt,
<=7jt,
<=7jt,
<=7jt,
<=7jt,
<=7jt,
<=7jt,
<=7jt,
<=7jt,
<=7jt,
<=7jt,
<=7jt,
<=7jt,
<=7jt,
<=7jt,
<=7jt,
>7jt,
<=7jt,
<=7jt,
<=7jt,
<=7jt,
<=7jt,
<=7jt,
<=7jt,
<=7jt,
<=7jt,
<=7jt,
<=7jt,
<=7jt,
<=7jt,
<=7jt,
<=7jt,
>7jt,
<=7jt,
<=7jt,
<=7jt,
<=7jt,
<=7jt,
>7jt,
<=7jt,
<=7jt,
<=7jt,
<=7jt,
<=7jt,
<=7jt,
<=7jt,
<=7jt,
<=7jt,
<=7jt,
>7jt,
<=7jt,
<=7jt,
<=7jt,
<=7jt,
<=7jt,
<=7jt,
<=7jt,
>7jt,
<=7jt,
<=7jt,
<=7jt,
<=7jt,
<=7jt,
<=7jt,
<=7jt,
<=7jt,
<=7jt,
>7jt,
<=7jt,
>7jt,
<=7jt,
>7jt,
<=7jt,
<=7jt,
<=7jt,
<=7jt,
<=7jt,
>7jt,
<=7jt,
<=7jt,
<=7jt,
<=7jt,
<=7jt,
<=7jt,
<=7jt,
<=7jt,
<=7jt,
<=7jt,
<=7jt,
>7jt,
>7jt,
<=7jt,
<=7jt,
<=7jt,
<=7jt,
<=7jt,
<=7jt,
<=7jt,
<=7jt,
<=7jt,
<=7jt,
<=7jt,
<=7jt,
<=7jt,
<=7jt,
<=7jt,
<=7jt,
<=7jt,
<=7jt,
<=7jt,
<=7jt,
>7jt,
<=7jt,
<=7jt,
<=7jt,
<=7jt,
<=7jt,
<=7jt,
<=7jt,
<=7jt,
<=7jt,
<=7jt,
<=7jt,
<=7jt,
<=7jt,
<=7jt,
<=7jt,
<=7jt,
<=7jt,
<=7jt,
<=7jt,
<=7jt,
<=7jt,
<=7jt,
>7jt,
<=7jt,
>7jt,
<=7jt,
<=7jt,
<=7jt,
>7jt,
<=7jt,
<=7jt,
<=7jt,
<=7jt,
<=7jt,
>7jt,
<=7jt,
<=7jt,
<=7jt,
>7jt,
<=7jt,
<=7jt,
<=7jt,
<=7jt,
<=7jt,
>7jt,
<=7jt,
<=7jt,
<=7jt,
<=7jt,
<=7jt,
<=7jt,
>7jt,
>7jt,
<=7jt,
<=7jt,
<=7jt,
<=7jt,
<=7jt,
>7jt,
<=7jt,
<=7jt,
>7jt,
<=7jt,
<=7jt,
<=7jt,
<=7jt,
<=7jt,
<=7jt,
<=7jt,
>7jt,
<=7jt,
<=7jt,
<=7jt,
<=7jt,
<=7jt,
>7jt,
<=7jt,
<=7jt,
<=7jt,
<=7jt,
<=7jt,
>7jt,
<=7jt,
<=7jt,
<=7jt,
<=7jt,
<=7jt,
<=7jt,
>7jt,
<=7jt,
<=7jt,
<=7jt,
<=7jt,
<=7jt,
<=7jt,
<=7jt,
>7jt,
<=7jt,
<=7jt,
<=7jt,
<=7jt,
<=7jt,
<=7jt,
<=7jt,
>7jt,
<=7jt,
<=7jt,
<=7jt,
<=7jt,
<=7jt,
<=7jt,
<=7jt,
<=7jt,
<=7jt,
<=7jt,
<=7jt,
<=7jt,
<=7jt,
<=7jt,
>7jt,
<=7jt,
<=7jt,
<=7jt,
>7jt,
<=7jt,
<=7jt,
<=7jt,
<=7jt,
<=7jt,
<=7jt,
>7jt,
<=7jt,
<=7jt,
<=7jt,
<=7jt,
<=7jt,
>7jt,
>7jt,
<=7jt,
<=7jt,
<=7jt,
<=7jt,
<=7jt,
<=7jt,
<=7jt,
>7jt,
>7jt,
<=7jt,
<=7jt,
<=7jt,
<=7jt,
<=7jt,
<=7jt,
<=7jt,
>7jt,
<=7jt,
<=7jt,
<=7jt,
<=7jt,
<=7jt,
<=7jt,
<=7jt,
<=7jt,
<=7jt,
<=7jt,
<=7jt,
<=7jt,
<=7jt,
<=7jt,
<=7jt,
<=7jt,
<=7jt,
>7jt,
<=7jt,
<=7jt,
<=7jt,
<=7jt,
>7jt,
<=7jt,
<=7jt,
<=7jt,
<=7jt,
>7jt,
<=7jt,
<=7jt,
<=7jt,
<=7jt,
<=7jt,
<=7jt,
<=7jt,
<=7jt,
<=7jt,
<=7jt,
<=7jt,
>7jt,
<=7jt,
<=7jt,
<=7jt,
<=7jt,
<=7jt,
<=7jt,
>7jt,
<=7jt,
<=7jt,
<=7jt,
<=7jt,
<=7jt,
<=7jt,
<=7jt,
<=7jt,
<=7jt,
<=7jt,
<=7jt,
<=7jt,
<=7jt,
<=7jt,
<=7jt,
>7jt,
<=7jt,
<=7jt,
<=7jt,
<=7jt,
<=7jt,
<=7jt,
>7jt,
<=7jt,
<=7jt,
<=7jt,
<=7jt,
<=7jt,
<=7jt,
<=7jt,
<=7jt,
<=7jt,
<=7jt,
<=7jt,
>7jt,
<=7jt,
<=7jt,
<=7jt,
<=7jt,
<=7jt,
<=7jt,
<=7jt,
<=7jt,
<=7jt,
<=7jt,
>7jt,
>7jt,
<=7jt,
<=7jt,
>7jt,
<=7jt,
<=7jt,
<=7jt,
>7jt,
<=7jt,
<=7jt,
>7jt,
<=7jt,
<=7jt,
<=7jt,
<=7jt,
<=7jt,
<=7jt,
<=7jt,
<=7jt,
<=7jt,
<=7jt,
<=7jt,
<=7jt,
<=7jt,
<=7jt,
<=7jt,
<=7jt,
<=7jt,
<=7jt,
<=7jt,
<=7jt,
<=7jt,
<=7jt,
>7jt,
<=7jt,
<=7jt,
<=7jt,
<=7jt,
<=7jt,
<=7jt,
<=7jt,
<=7jt,
>7jt,
<=7jt,
>7jt,
<=7jt,
<=7jt,
>7jt,
<=7jt,
<=7jt,
<=7jt,
<=7jt,
<=7jt,
>7jt,
>7jt,
<=7jt,
<=7jt,
<=7jt,
<=7jt,
<=7jt,
<=7jt,
>7jt,
>7jt,
<=7jt,
<=7jt,
<=7jt,
<=7jt,
<=7jt,
<=7jt,
<=7jt,
<=7jt,
<=7jt,
<=7jt,
>7jt,
<=7jt,
<=7jt,
<=7jt,
>7jt,
<=7jt,
<=7jt,
<=7jt,
<=7jt,
<=7jt,
<=7jt,
<=7jt,
>7jt,
>7jt,
>7jt,
<=7jt,
<=7jt,
<=7jt,
<=7jt,
<=7jt,
>7jt,
<=7jt,
<=7jt,
<=7jt,
<=7jt,
<=7jt,
<=7jt,
<=7jt,
>7jt,
<=7jt,
<=7jt,
<=7jt,
<=7jt,
<=7jt,
<=7jt,
<=7jt,
<=7jt,
>7jt,
<=7jt,
<=7jt,
>7jt,
<=7jt,
<=7jt,
<=7jt,
<=7jt,
>7jt,
<=7jt,
<=7jt,
<=7jt,
<=7jt,
<=7jt,
<=7jt,
>7jt,
<=7jt,
<=7jt,
<=7jt,
<=7jt,
<=7jt,
<=7jt,
<=7jt,
>7jt,
<=7jt,
<=7jt,
<=7jt,
<=7jt,
<=7jt,
<=7jt,
<=7jt,
>7jt,
<=7jt,
<=7jt,
<=7jt,
<=7jt,
<=7jt,
>7jt,
>7jt,
<=7jt,
<=7jt,
<=7jt,
<=7jt,
<=7jt,
>7jt,
<=7jt,
<=7jt,
<=7jt,
>7jt,
<=7jt,
<=7jt,
<=7jt,
<=7jt,
<=7jt,
<=7jt,
<=7jt,
<=7jt,
<=7jt,
<=7jt,
<=7jt,
<=7jt,
<=7jt,
<=7jt,
<=7jt,
<=7jt,
<=7jt,
<=7jt,
<=7jt,
>7jt,
>7jt,
<=7jt,
>7jt,
<=7jt,
<=7jt,
<=7jt,
<=7jt,
<=7jt,
<=7jt,
<=7jt,
<=7jt,
<=7jt,
<=7jt,
<=7jt,
<=7jt,
<=7jt,
<=7jt,
<=7jt,
<=7jt,
<=7jt,
<=7jt,
<=7jt,
>7jt,
>7jt,
<=7jt,
<=7jt,
<=7jt,
>7jt,
<=7jt,
<=7jt,
<=7jt,
<=7jt,
<=7jt,
<=7jt,
<=7jt,
<=7jt,
<=7jt,
<=7jt,
<=7jt,
>7jt,
<=7jt,
<=7jt,
<=7jt,
>7jt,
<=7jt,
<=7jt,
<=7jt,
<=7jt,
<=7jt,
<=7jt,
<=7jt,
<=7jt,
<=7jt,
<=7jt,
<=7jt,
<=7jt,
<=7jt,
>7jt,
<=7jt,
<=7jt,
<=7jt,
<=7jt,
>7jt,
<=7jt,
<=7jt,
<=7jt,
<=7jt,
>7jt,
>7jt,
<=7jt,
<=7jt,
<=7jt,
<=7jt,
<=7jt,
>7jt,
<=7jt,
<=7jt,
<=7jt,
<=7jt,
<=7jt,
<=7jt,
<=7jt,
<=7jt,
<=7jt,
<=7jt,
<=7jt,
>7jt,
<=7jt,
<=7jt,
>7jt,
<=7jt,
>7jt,
>7jt,
>7jt,
<=7jt,
<=7jt,
<=7jt,
<=7jt,
<=7jt,
<=7jt,
<=7jt,
<=7jt,
<=7jt,
<=7jt,
>7jt,
<=7jt,
>7jt,
<=7jt,
<=7jt,
<=7jt,
<=7jt,
<=7jt,
<=7jt,
<=7jt,
<=7jt,
<=7jt,
<=7jt,
<=7jt,
<=7jt,
>7jt,
<=7jt,
<=7jt,
<=7jt,
>7jt,
<=7jt,
<=7jt,
<=7jt,
<=7jt,
<=7jt,
<=7jt,
<=7jt,
<=7jt,
<=7jt,
<=7jt,
<=7jt,
<=7jt,
<=7jt,
<=7jt,
<=7jt,
<=7jt,
<=7jt,
<=7jt,
<=7jt,
<=7jt,
<=7jt,
<=7jt,
<=7jt,
<=7jt,
<=7jt,
<=7jt,
<=7jt,
<=7jt,
<=7jt,
<=7jt,
<=7jt,
<=7jt,
<=7jt,
<=7jt,
<=7jt,
<=7jt,
<=7jt,
<=7jt,
<=7jt,
<=7jt,
<=7jt,
<=7jt,
<=7jt,
<=7jt,
<=7jt,
<=7jt,
<=7jt,
<=7jt,
<=7jt,
<=7jt,
<=7jt,
<=7jt,
<=7jt,
<=7jt,
<=7jt,
<=7jt,
<=7jt,
>7jt,
>7jt,
<=7jt,
<=7jt,
<=7jt,
<=7jt,
<=7jt,
<=7jt,
<=7jt,
<=7jt,
<=7jt,
>7jt,
<=7jt,
<=7jt,
<=7jt,
>7jt,
<=7jt,
<=7jt,
>7jt,
<=7jt,
<=7jt,
<=7jt,
>7jt,
<=7jt,
<=7jt,
<=7jt,
<=7jt,
<=7jt,
>7jt,
<=7jt,
<=7jt,
<=7jt,
<=7jt,
<=7jt,
>7jt,
<=7jt,
<=7jt,
<=7jt,
<=7jt,
<=7jt,
<=7jt,
>7jt,
<=7jt,
<=7jt,
<=7jt,
<=7jt,
<=7jt,
<=7jt,
<=7jt,
<=7jt,
<=7jt,
<=7jt,
<=7jt,
<=7jt,
<=7jt,
>7jt,
<=7jt,
<=7jt,
<=7jt,
<=7jt,
<=7jt,
<=7jt,
<=7jt,
<=7jt,
>7jt,
<=7jt,
<=7jt,
<=7jt,
>7jt,
<=7jt,
<=7jt,
<=7jt,
<=7jt,
<=7jt,
<=7jt,
<=7jt,
<=7jt,
<=7jt,
>7jt,
>7jt,
>7jt,
<=7jt,
<=7jt,
<=7jt,
<=7jt,
<=7jt,
<=7jt,
<=7jt,
<=7jt,
<=7jt,
<=7jt,
<=7jt,
<=7jt,
<=7jt,
<=7jt,
<=7jt,
<=7jt,
>7jt,
>7jt,
<=7jt,
<=7jt,
<=7jt,
<=7jt,
<=7jt,
<=7jt,
<=7jt,
<=7jt,
>7jt,
<=7jt,
>7jt,
<=7jt,
<=7jt,
<=7jt,
<=7jt,
<=7jt,
<=7jt,
<=7jt,
>7jt,
<=7jt,
<=7jt,
<=7jt,
<=7jt,
<=7jt,
<=7jt,
<=7jt,
<=7jt,
<=7jt,
<=7jt,
<=7jt,
<=7jt,
<=7jt,
<=7jt,
<=7jt,
<=7jt,
<=7jt,
<=7jt,
<=7jt,
<=7jt,
<=7jt,
>7jt,
<=7jt,
<=7jt,
<=7jt,
>7jt,
<=7jt,
<=7jt,
<=7jt,
<=7jt,
<=7jt,
<=7jt,
<=7jt,
<=7jt,
<=7jt,
<=7jt,
<=7jt,
<=7jt,
>7jt,
<=7jt,
<=7jt,
>7jt,
<=7jt,
<=7jt,
<=7jt,
<=7jt,
<=7jt,
<=7jt,
<=7jt,
>7jt,
<=7jt,
<=7jt,
<=7jt,
<=7jt,
<=7jt,
<=7jt,
<=7jt,
<=7jt,
<=7jt,
<=7jt,
>7jt,
<=7jt,
>7jt,
<=7jt,
<=7jt,
<=7jt,
<=7jt,
<=7jt,
<=7jt,
>7jt,
<=7jt,
<=7jt,
<=7jt,
<=7jt,
<=7jt,
<=7jt,
<=7jt,
<=7jt,
<=7jt,
<=7jt,
<=7jt,
<=7jt,
>7jt,
>7jt,
<=7jt,
<=7jt,
<=7jt,
<=7jt,
<=7jt,
<=7jt,
<=7jt,
<=7jt,
<=7jt,
<=7jt,
<=7jt,
<=7jt,
<=7jt,
<=7jt,
<=7jt,
<=7jt,
<=7jt,
<=7jt,
<=7jt,
<=7jt,
<=7jt,
>7jt,
<=7jt,
<=7jt,
<=7jt,
<=7jt,
>7jt,
>7jt,
<=7jt,
<=7jt,
>7jt,
<=7jt,
<=7jt,
<=7jt,
<=7jt,
<=7jt,
<=7jt,
<=7jt,
<=7jt,
<=7jt,
>7jt,
<=7jt,
<=7jt,
>7jt,
<=7jt,
<=7jt,
>7jt,
<=7jt,
<=7jt,
<=7jt,
<=7jt,
>7jt,
<=7jt,
<=7jt,
<=7jt,
<=7jt,
<=7jt,
>7jt,
<=7jt,
<=7jt,
<=7jt,
<=7jt,
<=7jt,
>7jt,
<=7jt,
<=7jt,
>7jt,
<=7jt,
<=7jt,
<=7jt,
<=7jt,
>7jt,
<=7jt,
<=7jt,
<=7jt,
<=7jt,
<=7jt,
<=7jt,
<=7jt,
<=7jt,
<=7jt,
<=7jt,
<=7jt,
<=7jt,
<=7jt,
<=7jt,
>7jt,
<=7jt,
<=7jt,
<=7jt,
<=7jt,
<=7jt,
>7jt,
<=7jt,
<=7jt,
<=7jt,
>7jt,
<=7jt,
>7jt,
<=7jt,
<=7jt,
<=7jt,
<=7jt,
<=7jt,
<=7jt,
<=7jt,
<=7jt,
>7jt,
<=7jt,
<=7jt,
<=7jt,
<=7jt,
<=7jt,
>7jt,
<=7jt,
>7jt,
<=7jt,
>7jt,
<=7jt,
<=7jt,
<=7jt,
<=7jt,
<=7jt,
>7jt,
<=7jt,
<=7jt,
>7jt,
<=7jt,
<=7jt,
<=7jt,
<=7jt,
<=7jt,
<=7jt,
<=7jt,
<=7jt,
<=7jt,
<=7jt,
<=7jt,
>7jt,
>7jt,
<=7jt,
>7jt,
<=7jt,
<=7jt,
<=7jt,
<=7jt,
<=7jt,
<=7jt,
>7jt,
<=7jt,
<=7jt,
>7jt,
>7jt,
<=7jt,
<=7jt,
<=7jt,
>7jt,
<=7jt,
<=7jt,
<=7jt,
>7jt,
<=7jt,
>7jt,
>7jt,
<=7jt,
<=7jt,
>7jt,
<=7jt,
<=7jt,
<=7jt,
<=7jt,
<=7jt,
<=7jt,
<=7jt,
<=7jt,
<=7jt,
<=7jt,
<=7jt,
<=7jt,
<=7jt,
<=7jt,
<=7jt,
>7jt,
<=7jt,
<=7jt,
<=7jt,
>7jt,
<=7jt,
<=7jt,
<=7jt,
<=7jt,
<=7jt,
<=7jt,
<=7jt,
<=7jt,
>7jt,
>7jt,
<=7jt,
<=7jt,
<=7jt,
<=7jt,
<=7jt,
>7jt,
<=7jt,
<=7jt,
<=7jt,
<=7jt,
<=7jt,
<=7jt,
<=7jt,
>7jt,
<=7jt,
<=7jt,
<=7jt,
<=7jt,
>7jt,
<=7jt,
>7jt,
>7jt,
<=7jt,
<=7jt,
>7jt,
<=7jt,
<=7jt,
<=7jt,
<=7jt,
>7jt,
<=7jt,
<=7jt,
>7jt,
<=7jt,
<=7jt,
<=7jt,
<=7jt,
>7jt,
<=7jt,
<=7jt,
<=7jt,
<=7jt,
<=7jt,
<=7jt,
<=7jt,
<=7jt,
<=7jt,
<=7jt,
<=7jt,
<=7jt,
<=7jt,
<=7jt,
<=7jt,
<=7jt,
<=7jt,
<=7jt,
<=7jt,
<=7jt,
<=7jt,
<=7jt,
<=7jt,
<=7jt,
>7jt,
<=7jt,
<=7jt,
>7jt,
<=7jt,
<=7jt,
<=7jt,
>7jt,
<=7jt,
>7jt,
<=7jt,
<=7jt,
<=7jt,
<=7jt,
<=7jt,
<=7jt,
<=7jt,
<=7jt,
<=7jt,
<=7jt,
<=7jt,
<=7jt,
<=7jt,
<=7jt,
>7jt,
<=7jt,
<=7jt,
<=7jt,
<=7jt,
<=7jt,
<=7jt,
<=7jt,
<=7jt,
>7jt,
<=7jt,
<=7jt,
<=7jt,
<=7jt,
<=7jt,
<=7jt,
<=7jt,
<=7jt,
<=7jt,
<=7jt,
>7jt,
<=7jt,
<=7jt,
<=7jt,
<=7jt,
<=7jt,
<=7jt,
<=7jt,
>7jt,
<=7jt,
<=7jt,
<=7jt,
<=7jt,
<=7jt,
<=7jt,
<=7jt,
<=7jt,
<=7jt,
>7jt,
<=7jt,
<=7jt,
<=7jt,
>7jt,
<=7jt,
<=7jt,
<=7jt,
<=7jt,
<=7jt,
>7jt,
<=7jt,
<=7jt,
<=7jt,
>7jt,
<=7jt,
<=7jt,
<=7jt,
<=7jt,
<=7jt,
<=7jt,
<=7jt,
<=7jt,
<=7jt,
<=7jt,
<=7jt,
>7jt,
<=7jt,
<=7jt,
<=7jt,
>7jt,
<=7jt,
<=7jt,
<=7jt,
<=7jt,
<=7jt,
<=7jt,
<=7jt,
<=7jt,
<=7jt,
>7jt,
>7jt,
<=7jt,
<=7jt,
<=7jt,
<=7jt,
>7jt,
<=7jt,
<=7jt,
<=7jt,
<=7jt,
>7jt,
<=7jt,
<=7jt,
<=7jt,
<=7jt,
<=7jt,
<=7jt,
<=7jt,
<=7jt,
<=7jt,
<=7jt,
<=7jt,
<=7jt,
<=7jt,
<=7jt,
<=7jt,
<=7jt,
<=7jt,
<=7jt,
>7jt,
<=7jt,
<=7jt,
<=7jt,
<=7jt,
>7jt,
<=7jt,
<=7jt,
<=7jt,
<=7jt,
<=7jt,
>7jt,
<=7jt,
<=7jt,
<=7jt,
<=7jt,
<=7jt,
<=7jt,
<=7jt,
<=7jt,
>7jt,
<=7jt,
<=7jt,
<=7jt,
<=7jt,
<=7jt,
<=7jt,
<=7jt,
<=7jt,
<=7jt,
<=7jt,
<=7jt,
<=7jt,
<=7jt,
<=7jt,
>7jt,
<=7jt,
>7jt,
<=7jt,
<=7jt,
<=7jt,
<=7jt,
<=7jt,
<=7jt,
<=7jt,
<=7jt,
<=7jt,
<=7jt,
<=7jt,
>7jt,
<=7jt,
<=7jt,
<=7jt,
<=7jt,
<=7jt,
<=7jt,
<=7jt,
<=7jt,
<=7jt,
<=7jt,
<=7jt,
<=7jt,
<=7jt,
<=7jt,
<=7jt,
<=7jt,
<=7jt,
<=7jt,
<=7jt,
<=7jt,
<=7jt,
<=7jt,
>7jt,
<=7jt,
<=7jt,
<=7jt,
<=7jt,
<=7jt,
<=7jt,
<=7jt,
<=7jt,
<=7jt,
<=7jt,
<=7jt,
<=7jt,
<=7jt,
<=7jt,
<=7jt,
<=7jt,
<=7jt,
<=7jt,
>7jt,
>7jt,
<=7jt,
<=7jt,
<=7jt,
<=7jt,
<=7jt,
<=7jt,
>7jt,
<=7jt,
>7jt,
<=7jt,
<=7jt,
<=7jt,
<=7jt,
<=7jt,
<=7jt,
<=7jt,
<=7jt,
<=7jt,
<=7jt,
<=7jt,
<=7jt,
>7jt,
<=7jt,
<=7jt,
<=7jt,
<=7jt,
<=7jt,
<=7jt,
<=7jt,
>7jt,
<=7jt,
<=7jt,
<=7jt,
<=7jt,
<=7jt,
<=7jt,
<=7jt,
<=7jt,
<=7jt,
<=7jt,
<=7jt,
<=7jt,
<=7jt,
<=7jt,
>7jt,
<=7jt,
<=7jt,
<=7jt,
<=7jt,
<=7jt,
<=7jt,
<=7jt,
<=7jt,
>7jt,
<=7jt,
<=7jt,
<=7jt,
<=7jt,
>7jt,
<=7jt,
>7jt,
<=7jt,
<=7jt,
<=7jt,
<=7jt,
<=7jt,
<=7jt,
<=7jt,
<=7jt,
<=7jt,
<=7jt,
<=7jt,
<=7jt,
<=7jt,
<=7jt,
>7jt,
<=7jt,
<=7jt,
<=7jt,
<=7jt,
<=7jt,
<=7jt,
<=7jt,
<=7jt,
<=7jt,
<=7jt,
<=7jt,
<=7jt,
<=7jt,
<=7jt,
<=7jt,
>7jt,
<=7jt,
<=7jt,
<=7jt,
<=7jt,
<=7jt,
<=7jt,
<=7jt,
>7jt,
<=7jt,
<=7jt,
<=7jt,
<=7jt,
<=7jt,
<=7jt,
<=7jt,
>7jt,
<=7jt,
<=7jt,
<=7jt,
<=7jt,
>7jt,
<=7jt,
<=7jt,
<=7jt,
<=7jt,
<=7jt,
<=7jt,
>7jt,
<=7jt,
<=7jt,
<=7jt,
<=7jt,
<=7jt,
<=7jt,
>7jt,
<=7jt,
>7jt,
>7jt,
<=7jt,
<=7jt,
<=7jt,
<=7jt,
<=7jt,
<=7jt,
<=7jt,
<=7jt,
<=7jt,
<=7jt,
<=7jt,
<=7jt,
<=7jt,
<=7jt,
<=7jt,
<=7jt,
<=7jt,
<=7jt,
<=7jt,
<=7jt,
<=7jt,
<=7jt,
<=7jt,
<=7jt,
<=7jt,
<=7jt,
<=7jt,
<=7jt,
<=7jt,
<=7jt,
<=7jt,
<=7jt,
<=7jt,
>7jt,
<=7jt,
<=7jt,
<=7jt,
<=7jt,
<=7jt,
<=7jt,
<=7jt,
<=7jt,
>7jt,
<=7jt,
<=7jt,
>7jt,
<=7jt,
<=7jt,
>7jt,
<=7jt,
<=7jt,
<=7jt,
<=7jt,
<=7jt,
>7jt,
<=7jt,
<=7jt,
>7jt,
<=7jt,
<=7jt,
>7jt,
<=7jt,
>7jt,
<=7jt,
<=7jt,
<=7jt,
<=7jt,
<=7jt,
<=7jt,
>7jt,
>7jt,
>7jt,
>7jt,
<=7jt,
<=7jt,
<=7jt,
<=7jt,
<=7jt,
>7jt,
<=7jt,
<=7jt,
<=7jt,
<=7jt,
<=7jt,
<=7jt,
<=7jt,
<=7jt,
<=7jt,
<=7jt,
<=7jt,
<=7jt,
<=7jt,
<=7jt,
<=7jt,
<=7jt,
<=7jt,
>7jt,
<=7jt,
>7jt,
<=7jt,
<=7jt,
<=7jt,
<=7jt,
<=7jt,
<=7jt,
<=7jt,
<=7jt,
<=7jt,
>7jt,
<=7jt,
<=7jt,
<=7jt,
<=7jt,
<=7jt,
<=7jt,
<=7jt,
<=7jt,
<=7jt,
<=7jt,
<=7jt,
<=7jt,
<=7jt,
>7jt,
<=7jt,
>7jt,
<=7jt,
>7jt,
<=7jt,
<=7jt,
<=7jt,
<=7jt,
<=7jt,
<=7jt,
<=7jt,
<=7jt,
>7jt,
<=7jt,
<=7jt,
<=7jt,
<=7jt,
<=7jt,
<=7jt,
>7jt,
<=7jt,
>7jt,
<=7jt,
<=7jt,
<=7jt,
<=7jt,
<=7jt,
<=7jt,
>7jt,
<=7jt,
<=7jt,
<=7jt,
<=7jt,
<=7jt,
<=7jt,
<=7jt,
<=7jt,
<=7jt,
<=7jt,
<=7jt,
<=7jt,
>7jt,
<=7jt,
<=7jt,
<=7jt,
<=7jt,
<=7jt,
<=7jt,
<=7jt,
<=7jt,
<=7jt,
<=7jt,
<=7jt,
<=7jt,
<=7jt,
>7jt,
<=7jt,
<=7jt,
<=7jt,
<=7jt,
<=7jt,
<=7jt,
<=7jt,
<=7jt,
<=7jt,
<=7jt,
<=7jt,
<=7jt,
<=7jt,
<=7jt,
<=7jt,
<=7jt,
<=7jt,
<=7jt,
<=7jt,
<=7jt,
>7jt,
<=7jt,
<=7jt,
<=7jt,
<=7jt,
<=7jt,
<=7jt,
<=7jt,
<=7jt,
<=7jt,
>7jt,
<=7jt,
<=7jt,
<=7jt,
<=7jt,
<=7jt,
<=7jt,
<=7jt,
<=7jt,
>7jt,
<=7jt,
<=7jt,
<=7jt,
<=7jt,
<=7jt,
<=7jt,
>7jt,
<=7jt,
<=7jt,
<=7jt,
<=7jt,
>7jt,
<=7jt,
<=7jt,
<=7jt,
<=7jt,
<=7jt,
<=7jt,
<=7jt,
<=7jt,
<=7jt,
<=7jt,
<=7jt,
<=7jt,
<=7jt,
<=7jt,
<=7jt,
<=7jt,
<=7jt,
<=7jt,
<=7jt,
<=7jt,
<=7jt,
>7jt,
<=7jt,
<=7jt,
<=7jt,
<=7jt,
<=7jt,
>7jt,
<=7jt,
<=7jt,
<=7jt,
<=7jt,
<=7jt,
<=7jt,
>7jt,
<=7jt,
>7jt,
<=7jt,
<=7jt,
<=7jt,
<=7jt,
<=7jt,
<=7jt,
>7jt,
<=7jt,
<=7jt,
<=7jt,
<=7jt,
<=7jt,
<=7jt,
<=7jt,
>7jt,
<=7jt,
<=7jt,
<=7jt,
<=7jt,
>7jt,
<=7jt,
<=7jt,
<=7jt,
<=7jt,
<=7jt,
<=7jt,
<=7jt,
<=7jt,
<=7jt,
<=7jt,
<=7jt,
<=7jt,
<=7jt,
<=7jt,
<=7jt,
<=7jt,
>7jt,
<=7jt,
<=7jt,
<=7jt,
<=7jt,
<=7jt,
<=7jt,
<=7jt,
<=7jt,
<=7jt,
<=7jt,
<=7jt,
>7jt,
>7jt,
<=7jt,
<=7jt,
<=7jt,
<=7jt,
<=7jt,
<=7jt,
<=7jt,
<=7jt,
<=7jt,
<=7jt,
<=7jt,
<=7jt,
>7jt,
<=7jt,
<=7jt,
>7jt,
<=7jt,
<=7jt,
<=7jt,
<=7jt,
<=7jt,
<=7jt,
<=7jt,
<=7jt,
<=7jt,
<=7jt,
<=7jt,
>7jt,
<=7jt,
>7jt,
<=7jt,
<=7jt,
<=7jt,
<=7jt,
<=7jt,
<=7jt,
>7jt,
<=7jt,
<=7jt,
>7jt,
<=7jt,
<=7jt,
<=7jt,
<=7jt,
<=7jt,
<=7jt,
<=7jt,
<=7jt,
<=7jt,
<=7jt,
<=7jt,
<=7jt,
<=7jt,
<=7jt,
<=7jt,
<=7jt,
<=7jt,
<=7jt,
<=7jt,
<=7jt,
<=7jt,
<=7jt,
<=7jt,
<=7jt,
<=7jt,
<=7jt,
>7jt,
<=7jt,
<=7jt,
<=7jt,
<=7jt,
<=7jt,
>7jt,
<=7jt,
<=7jt,
<=7jt,
<=7jt,
<=7jt,
<=7jt,
<=7jt,
<=7jt,
<=7jt,
<=7jt,
<=7jt,
<=7jt,
<=7jt,
<=7jt,
<=7jt,
<=7jt,
<=7jt,
>7jt,
<=7jt,
>7jt,
<=7jt,
<=7jt,
<=7jt,
<=7jt,
<=7jt,
<=7jt,
<=7jt,
<=7jt,
<=7jt,
>7jt,
<=7jt,
<=7jt,
>7jt,
<=7jt,
>7jt,
<=7jt,
<=7jt,
<=7jt,
<=7jt,
<=7jt,
<=7jt,
<=7jt,
<=7jt,
<=7jt,
<=7jt,
<=7jt,
<=7jt,
<=7jt,
<=7jt,
<=7jt,
<=7jt,
<=7jt,
<=7jt,
<=7jt,
<=7jt,
<=7jt,
<=7jt,
<=7jt,
>7jt,
<=7jt,
<=7jt,
<=7jt,
<=7jt,
>7jt,
<=7jt,
<=7jt,
<=7jt,
<=7jt,
<=7jt,
<=7jt,
<=7jt,
<=7jt,
<=7jt,
<=7jt,
<=7jt,
<=7jt,
>7jt,
<=7jt,
<=7jt,
>7jt,
<=7jt,
>7jt,
<=7jt,
<=7jt,
>7jt,
<=7jt,
<=7jt,
>7jt,
<=7jt,
>7jt,
<=7jt,
<=7jt,
<=7jt,
<=7jt,
<=7jt,
<=7jt,
<=7jt,
<=7jt,
<=7jt,
<=7jt,
<=7jt,
<=7jt,
<=7jt,
<=7jt,
>7jt,
<=7jt,
<=7jt,
<=7jt,
<=7jt,
<=7jt,
<=7jt,
>7jt,
<=7jt,
<=7jt,
<=7jt,
>7jt,
>7jt,
<=7jt,
<=7jt,
<=7jt,
<=7jt,
<=7jt,
>7jt,
<=7jt,
<=7jt,
<=7jt,
<=7jt,
<=7jt,
<=7jt,
<=7jt,
<=7jt,
<=7jt,
>7jt,
<=7jt,
<=7jt,
<=7jt,
<=7jt,
<=7jt,
<=7jt,
>7jt,
<=7jt,
<=7jt,
<=7jt,
<=7jt,
<=7jt,
<=7jt,
<=7jt,
<=7jt,
>7jt,
>7jt,
<=7jt,
<=7jt,
<=7jt,
<=7jt,
<=7jt,
<=7jt,
<=7jt,
<=7jt,
>7jt,
<=7jt,
<=7jt,
<=7jt,
<=7jt,
<=7jt,
<=7jt,
<=7jt,
<=7jt,
<=7jt,
<=7jt,
<=7jt,
<=7jt,
<=7jt,
<=7jt,
>7jt,
<=7jt,
<=7jt,
<=7jt,
>7jt,
<=7jt,
<=7jt,
<=7jt,
<=7jt,
<=7jt,
<=7jt,
<=7jt,
<=7jt,
>7jt,
<=7jt,
<=7jt,
<=7jt,
<=7jt,
>7jt,
<=7jt,
<=7jt,
<=7jt,
<=7jt,
<=7jt,
>7jt,
<=7jt,
<=7jt,
<=7jt,
<=7jt,
<=7jt,
<=7jt,
>7jt,
<=7jt,
<=7jt,
<=7jt,
>7jt,
<=7jt,
<=7jt,
<=7jt,
<=7jt,
<=7jt,
<=7jt,
<=7jt,
<=7jt,
>7jt,
<=7jt,
>7jt,
<=7jt,
<=7jt,
<=7jt,
<=7jt,
<=7jt,
<=7jt,
>7jt,
<=7jt,
<=7jt,
<=7jt,
<=7jt,
<=7jt,
>7jt,
>7jt,
<=7jt,
<=7jt,
<=7jt,
<=7jt,
<=7jt,
<=7jt,
<=7jt,
<=7jt,
<=7jt,
<=7jt,
<=7jt,
<=7jt,
<=7jt,
<=7jt,
<=7jt,
<=7jt,
<=7jt,
<=7jt,
<=7jt,
<=7jt,
<=7jt,
<=7jt,
<=7jt,
<=7jt,
<=7jt,
<=7jt,
>7jt,
<=7jt,
<=7jt,
<=7jt,
>7jt,
<=7jt,
<=7jt,
<=7jt,
<=7jt,
>7jt,
<=7jt,
<=7jt,
<=7jt,
<=7jt,
>7jt,
>7jt,
<=7jt,
<=7jt,
<=7jt,
<=7jt,
<=7jt,
<=7jt,
<=7jt,
>7jt,
>7jt,
<=7jt,
<=7jt,
<=7jt,
>7jt,
<=7jt,
<=7jt,
<=7jt,
>7jt,
<=7jt,
>7jt,
<=7jt,
<=7jt,
>7jt,
<=7jt,
<=7jt,
<=7jt,
<=7jt,
>7jt,
<=7jt,
<=7jt,
<=7jt,
>7jt,
<=7jt,
<=7jt,
<=7jt,
>7jt,
<=7jt,
<=7jt,
<=7jt,
<=7jt,
>7jt,
<=7jt,
<=7jt,
<=7jt,
<=7jt,
<=7jt,
<=7jt,
<=7jt,
<=7jt,
<=7jt,
<=7jt,
<=7jt,
<=7jt,
<=7jt,
>7jt,
<=7jt,
<=7jt,
<=7jt,
<=7jt,
<=7jt,
<=7jt,
<=7jt,
>7jt,
<=7jt,
<=7jt,
<=7jt,
<=7jt,
<=7jt,
>7jt,
<=7jt,
<=7jt,
<=7jt,
<=7jt,
<=7jt,
<=7jt,
>7jt,
<=7jt,
<=7jt,
<=7jt,
<=7jt,
<=7jt,
<=7jt,
<=7jt,
<=7jt,
<=7jt,
>7jt,
<=7jt,
<=7jt,
<=7jt,
<=7jt,
<=7jt,
<=7jt,
<=7jt,
<=7jt,
<=7jt,
<=7jt,
<=7jt,
<=7jt,
<=7jt,
<=7jt,
<=7jt,
<=7jt,
<=7jt,
<=7jt,
<=7jt,
<=7jt,
<=7jt,
>7jt,
<=7jt,
<=7jt,
<=7jt,
<=7jt,
<=7jt,
<=7jt,
<=7jt,
>7jt,
<=7jt,
<=7jt,
<=7jt,
<=7jt,
<=7jt,
<=7jt,
<=7jt,
>7jt,
<=7jt,
<=7jt,
<=7jt,
<=7jt,
<=7jt,
<=7jt,
<=7jt,
<=7jt,
<=7jt,
<=7jt,
>7jt,
<=7jt,
<=7jt,
<=7jt,
<=7jt,
<=7jt,
<=7jt,
<=7jt,
<=7jt,
<=7jt,
<=7jt,
<=7jt,
>7jt,
<=7jt,
<=7jt,
<=7jt,
<=7jt,
<=7jt,
<=7jt,
<=7jt,
<=7jt,
<=7jt,
<=7jt,
<=7jt,
<=7jt,
<=7jt,
<=7jt,
<=7jt,
<=7jt,
<=7jt,
<=7jt,
<=7jt,
<=7jt,
>7jt,
<=7jt,
<=7jt,
<=7jt,
>7jt,
<=7jt,
<=7jt,
<=7jt,
>7jt,
<=7jt,
<=7jt,
<=7jt,
<=7jt,
<=7jt,
<=7jt,
<=7jt,
<=7jt,
<=7jt,
<=7jt,
<=7jt,
>7jt,
>7jt,
<=7jt,
<=7jt,
<=7jt,
<=7jt,
<=7jt,
<=7jt,
>7jt,
<=7jt,
<=7jt,
<=7jt,
<=7jt,
<=7jt,
<=7jt,
<=7jt,
<=7jt,
<=7jt,
<=7jt,
<=7jt,
<=7jt,
<=7jt,
<=7jt,
<=7jt,
<=7jt,
<=7jt,
>7jt,
>7jt,
<=7jt,
<=7jt,
<=7jt,
<=7jt,
<=7jt,
<=7jt,
>7jt,
<=7jt,
<=7jt,
<=7jt,
<=7jt,
<=7jt,
<=7jt,
<=7jt,
<=7jt,
<=7jt,
<=7jt,
<=7jt,
<=7jt,
<=7jt,
>7jt,
>7jt,
<=7jt,
>7jt,
<=7jt,
<=7jt,
<=7jt,
<=7jt,
<=7jt,
<=7jt,
>7jt,
>7jt,
<=7jt,
<=7jt,
>7jt,
<=7jt,
<=7jt,
<=7jt,
<=7jt,
<=7jt,
>7jt,
>7jt,
<=7jt,
>7jt,
>7jt,
<=7jt,
>7jt,
<=7jt,
<=7jt,
<=7jt,
<=7jt,
>7jt,
>7jt,
<=7jt,
<=7jt,
<=7jt,
<=7jt,
<=7jt,
<=7jt,
<=7jt,
<=7jt,
<=7jt,
>7jt,
<=7jt,
>7jt,
>7jt,
<=7jt,
<=7jt,
<=7jt,
<=7jt,
>7jt,
<=7jt,
<=7jt,
<=7jt,
<=7jt,
<=7jt,
<=7jt,
<=7jt,
>7jt,
<=7jt,
<=7jt,
<=7jt,
<=7jt,
<=7jt,
<=7jt,
<=7jt,
<=7jt,
<=7jt,
<=7jt,
<=7jt,
<=7jt,
<=7jt,
<=7jt,
<=7jt,
<=7jt,
<=7jt,
<=7jt,
<=7jt,
<=7jt,
<=7jt,
<=7jt,
<=7jt,
<=7jt,
<=7jt,
<=7jt,
<=7jt,
<=7jt,
<=7jt,
<=7jt,
<=7jt,
<=7jt,
<=7jt,
<=7jt,
<=7jt,
<=7jt,
<=7jt,
<=7jt,
<=7jt,
<=7jt,
>7jt,
<=7jt,
<=7jt,
<=7jt,
<=7jt,
<=7jt,
<=7jt,
<=7jt,
<=7jt,
>7jt,
<=7jt,
<=7jt,
<=7jt,
<=7jt,
<=7jt,
<=7jt,
<=7jt,
<=7jt,
<=7jt,
>7jt,
<=7jt,
<=7jt,
<=7jt,
<=7jt,
<=7jt,
<=7jt,
<=7jt,
<=7jt,
<=7jt,
<=7jt,
<=7jt,
>7jt,
<=7jt,
>7jt,
<=7jt,
<=7jt,
<=7jt,
<=7jt,
<=7jt,
<=7jt,
<=7jt,
<=7jt,
<=7jt,
>7jt,
<=7jt,
<=7jt,
<=7jt,
>7jt,
<=7jt,
<=7jt,
<=7jt,
<=7jt,
<=7jt,
<=7jt,
<=7jt,
<=7jt,
<=7jt,
>7jt,
<=7jt,
<=7jt,
<=7jt,
<=7jt,
<=7jt,
<=7jt,
<=7jt,
<=7jt,
<=7jt,
<=7jt,
<=7jt,
<=7jt,
<=7jt,
<=7jt,
<=7jt,
>7jt,
<=7jt,
<=7jt,
<=7jt,
<=7jt,
<=7jt,
<=7jt,
<=7jt,
>7jt,
<=7jt,
<=7jt,
>7jt,
<=7jt,
<=7jt,
<=7jt,
<=7jt,
<=7jt,
<=7jt,
<=7jt,
<=7jt,
<=7jt,
<=7jt,
<=7jt,
<=7jt,
<=7jt,
<=7jt,
<=7jt,
<=7jt,
<=7jt,
<=7jt,
<=7jt,
<=7jt,
<=7jt,
<=7jt,
<=7jt,
<=7jt,
<=7jt,
>7jt,
<=7jt,
<=7jt,
<=7jt,
>7jt,
<=7jt,
>7jt,
<=7jt,
<=7jt,
>7jt,
<=7jt,
<=7jt,
<=7jt,
<=7jt,
<=7jt,
<=7jt,
<=7jt,
<=7jt,
<=7jt,
<=7jt,
>7jt,
<=7jt,
<=7jt,
<=7jt,
<=7jt,
<=7jt,
<=7jt,
<=7jt,
<=7jt,
<=7jt,
>7jt,
<=7jt,
<=7jt,
<=7jt,
<=7jt,
<=7jt,
<=7jt,
<=7jt,
<=7jt,
<=7jt,
<=7jt,
<=7jt,
<=7jt,
<=7jt,
>7jt,
<=7jt,
<=7jt,
<=7jt,
<=7jt,
<=7jt,
<=7jt,
<=7jt,
<=7jt,
<=7jt,
<=7jt,
<=7jt,
>7jt,
<=7jt,
<=7jt,
<=7jt,
<=7jt,
<=7jt,
<=7jt,
>7jt,
<=7jt,
<=7jt,
<=7jt,
>7jt,
<=7jt,
<=7jt,
<=7jt,
>7jt,
<=7jt,
<=7jt,
<=7jt,
<=7jt,
<=7jt,
<=7jt,
<=7jt,
<=7jt,
<=7jt,
<=7jt,
<=7jt,
<=7jt,
<=7jt,
<=7jt,
<=7jt,
>7jt,
<=7jt,
<=7jt,
<=7jt,
<=7jt,
<=7jt,
<=7jt,
<=7jt,
<=7jt,
<=7jt,
>7jt,
>7jt,
<=7jt,
<=7jt,
<=7jt,
<=7jt,
<=7jt,
<=7jt,
<=7jt,
<=7jt,
<=7jt,
<=7jt,
<=7jt,
<=7jt,
<=7jt,
<=7jt,
<=7jt,
<=7jt,
>7jt,
<=7jt,
<=7jt,
<=7jt,
<=7jt,
<=7jt,
<=7jt,
<=7jt,
<=7jt,
<=7jt,
<=7jt,
>7jt,
<=7jt,
<=7jt,
<=7jt,
<=7jt,
<=7jt,
<=7jt,
<=7jt,
<=7jt,
<=7jt,
<=7jt,
<=7jt,
<=7jt,
<=7jt,
<=7jt,
<=7jt,
<=7jt,
<=7jt,
<=7jt,
<=7jt,
<=7jt,
<=7jt,
<=7jt,
<=7jt,
<=7jt,
<=7jt,
<=7jt,
<=7jt,
<=7jt,
>7jt,
>7jt,
<=7jt,
<=7jt,
<=7jt,
<=7jt,
>7jt,
<=7jt,
<=7jt,
<=7jt,
<=7jt,
<=7jt,
<=7jt,
<=7jt,
<=7jt,
<=7jt,
<=7jt,
>7jt,
<=7jt,
<=7jt,
<=7jt,
<=7jt,
<=7jt,
<=7jt,
<=7jt,
<=7jt,
<=7jt,
<=7jt,
>7jt,
<=7jt,
<=7jt,
<=7jt,
<=7jt,
<=7jt,
<=7jt,
>7jt,
<=7jt,
<=7jt,
>7jt,
<=7jt,
<=7jt,
<=7jt,
<=7jt,
<=7jt,
<=7jt,
<=7jt,
<=7jt,
<=7jt,
<=7jt,
>7jt,
<=7jt,
<=7jt,
<=7jt,
<=7jt,
<=7jt,
<=7jt,
<=7jt,
<=7jt,
<=7jt,
<=7jt,
<=7jt,
<=7jt,
<=7jt,
>7jt,
<=7jt,
<=7jt,
<=7jt,
<=7jt,
<=7jt,
<=7jt,
<=7jt,
<=7jt,
<=7jt,
<=7jt,
<=7jt,
<=7jt,
>7jt,
<=7jt,
<=7jt,
<=7jt,
<=7jt,
<=7jt,
<=7jt,
<=7jt,
<=7jt,
<=7jt,
<=7jt,
>7jt,
<=7jt,
<=7jt,
<=7jt,
<=7jt,
>7jt,
<=7jt,
<=7jt,
>7jt,
<=7jt,
>7jt,
<=7jt,
<=7jt,
<=7jt,
>7jt,
<=7jt,
>7jt,
<=7jt,
<=7jt,
<=7jt,
<=7jt,
>7jt,
<=7jt,
<=7jt,
<=7jt,
<=7jt,
>7jt,
>7jt,
<=7jt,
<=7jt,
<=7jt,
>7jt,
<=7jt,
<=7jt,
<=7jt,
<=7jt,
<=7jt,
<=7jt,
<=7jt,
<=7jt,
<=7jt,
<=7jt,
<=7jt,
<=7jt,
<=7jt,
<=7jt,
<=7jt,
<=7jt,
<=7jt,
<=7jt,
<=7jt,
<=7jt,
<=7jt,
>7jt,
<=7jt,
<=7jt,
<=7jt,
<=7jt,
<=7jt,
<=7jt,
<=7jt,
<=7jt,
<=7jt,
>7jt,
>7jt,
>7jt,
<=7jt,
<=7jt,
<=7jt,
<=7jt,
<=7jt,
<=7jt,
<=7jt,
<=7jt,
<=7jt,
<=7jt,
<=7jt,
<=7jt,
<=7jt,
<=7jt,
<=7jt,
<=7jt,
<=7jt,
<=7jt,
<=7jt,
<=7jt,
<=7jt,
>7jt,
<=7jt,
>7jt,
<=7jt,
<=7jt,
<=7jt,
<=7jt,
>7jt,
>7jt,
<=7jt,
<=7jt,
<=7jt,
<=7jt,
>7jt,
<=7jt,
<=7jt,
<=7jt,
<=7jt,
<=7jt,
<=7jt,
<=7jt,
<=7jt,
<=7jt,
<=7jt,
<=7jt,
<=7jt,
<=7jt,
<=7jt,
<=7jt,
<=7jt,
<=7jt,
<=7jt,
<=7jt,
<=7jt,
<=7jt,
<=7jt,
<=7jt,
>7jt,
<=7jt,
<=7jt,
<=7jt,
<=7jt,
<=7jt,
<=7jt,
<=7jt,
>7jt,
<=7jt,
>7jt,
<=7jt,
<=7jt,
>7jt,
<=7jt,
<=7jt,
<=7jt,
<=7jt,
<=7jt,
<=7jt,
<=7jt,
<=7jt,
<=7jt,
<=7jt,
<=7jt,
<=7jt,
>7jt,
>7jt,
<=7jt,
<=7jt,
<=7jt,
>7jt,
<=7jt,
<=7jt,
<=7jt,
<=7jt,
<=7jt,
<=7jt,
>7jt,
<=7jt,
<=7jt,
<=7jt,
<=7jt,
<=7jt,
<=7jt,
<=7jt,
<=7jt,
<=7jt,
<=7jt,
<=7jt,
<=7jt,
>7jt,
<=7jt,
<=7jt,
<=7jt,
<=7jt,
<=7jt,
<=7jt,
<=7jt,
<=7jt,
<=7jt,
<=7jt,
<=7jt,
<=7jt,
<=7jt,
<=7jt,
>7jt,
<=7jt,
<=7jt,
<=7jt,
<=7jt,
<=7jt,
<=7jt,
<=7jt,
<=7jt,
>7jt,
<=7jt,
<=7jt,
>7jt,
<=7jt,
>7jt,
<=7jt,
<=7jt,
<=7jt,
<=7jt,
<=7jt,
>7jt,
<=7jt,
<=7jt,
>7jt,
<=7jt,
<=7jt,
<=7jt,
<=7jt,
<=7jt,
<=7jt,
>7jt,
<=7jt,
<=7jt,
<=7jt,
<=7jt,
<=7jt,
<=7jt,
<=7jt,
<=7jt,
<=7jt,
<=7jt,
<=7jt,
<=7jt,
<=7jt,
<=7jt,
<=7jt,
<=7jt,
<=7jt,
>7jt,
<=7jt,
<=7jt,
>7jt,
<=7jt,
>7jt,
<=7jt,
<=7jt,
>7jt,
<=7jt,
<=7jt,
<=7jt,
<=7jt,
<=7jt,
<=7jt,
<=7jt,
<=7jt,
<=7jt,
<=7jt,
<=7jt,
<=7jt,
<=7jt,
<=7jt,
<=7jt,
>7jt,
<=7jt,
<=7jt,
<=7jt,
<=7jt,
<=7jt,
<=7jt,
<=7jt,
<=7jt,
<=7jt,
<=7jt,
<=7jt,
<=7jt,
>7jt,
<=7jt,
>7jt,
<=7jt,
<=7jt,
<=7jt,
<=7jt,
>7jt,
<=7jt,
<=7jt,
<=7jt,
<=7jt,
<=7jt,
<=7jt,
<=7jt,
<=7jt,
<=7jt,
>7jt,
<=7jt,
<=7jt,
<=7jt,
<=7jt,
<=7jt,
<=7jt,
>7jt,
<=7jt,
>7jt,
<=7jt,
<=7jt,
>7jt,
<=7jt,
>7jt,
<=7jt,
>7jt,
<=7jt,
<=7jt,
<=7jt,
<=7jt,
<=7jt,
<=7jt,
<=7jt,
>7jt,
>7jt,
<=7jt,
>7jt,
<=7jt,
<=7jt,
>7jt,
>7jt,
<=7jt,
<=7jt,
<=7jt,
<=7jt,
>7jt,
<=7jt,
>7jt,
<=7jt,
<=7jt,
<=7jt,
>7jt,
<=7jt,
>7jt,
<=7jt,
<=7jt,
<=7jt,
<=7jt,
<=7jt,
<=7jt,
<=7jt,
>7jt,
>7jt,
<=7jt,
<=7jt,
<=7jt,
<=7jt,
<=7jt,
<=7jt,
<=7jt,
<=7jt,
<=7jt,
>7jt,
<=7jt,
<=7jt,
<=7jt,
<=7jt,
>7jt,
<=7jt,
<=7jt,
<=7jt,
<=7jt,
<=7jt,
<=7jt,
<=7jt,
<=7jt,
<=7jt,
<=7jt,
<=7jt,
<=7jt,
<=7jt,
<=7jt,
<=7jt,
<=7jt,
<=7jt,
<=7jt,
<=7jt,
<=7jt,
<=7jt,
>7jt,
<=7jt,
<=7jt,
<=7jt,
<=7jt,
<=7jt,
>7jt,
<=7jt,
<=7jt,
<=7jt,
<=7jt,
<=7jt,
<=7jt,
<=7jt,
<=7jt,
<=7jt,
<=7jt,
<=7jt,
<=7jt,
<=7jt,
<=7jt,
<=7jt,
<=7jt,
<=7jt,
<=7jt,
<=7jt,
<=7jt,
<=7jt,
>7jt,
<=7jt,
<=7jt,
<=7jt,
<=7jt,
<=7jt,
<=7jt,
<=7jt,
<=7jt,
<=7jt,
<=7jt,
<=7jt,
<=7jt,
<=7jt,
<=7jt,
<=7jt,
<=7jt,
<=7jt,
<=7jt,
<=7jt,
<=7jt,
<=7jt,
<=7jt,
>7jt,
>7jt,
>7jt,
<=7jt,
<=7jt,
<=7jt,
<=7jt,
<=7jt,
<=7jt,
<=7jt,
<=7jt,
<=7jt,
<=7jt,
<=7jt,
<=7jt,
<=7jt,
<=7jt,
<=7jt,
<=7jt,
<=7jt,
<=7jt,
<=7jt,
>7jt,
<=7jt,
<=7jt,
<=7jt,
<=7jt,
>7jt,
<=7jt,
<=7jt,
<=7jt,
>7jt,
>7jt,
<=7jt,
<=7jt,
<=7jt,
<=7jt,
>7jt,
>7jt,
<=7jt,
<=7jt,
<=7jt,
<=7jt,
<=7jt,
<=7jt,
<=7jt,
<=7jt,
<=7jt,
<=7jt,
<=7jt,
<=7jt,
<=7jt,
<=7jt,
>7jt,
<=7jt,
<=7jt,
<=7jt,
<=7jt,
<=7jt,
<=7jt,
<=7jt,
<=7jt,
<=7jt,
<=7jt,
<=7jt,
<=7jt,
<=7jt,
<=7jt,
<=7jt,
<=7jt,
<=7jt,
<=7jt,
<=7jt,
<=7jt,
<=7jt,
<=7jt,
<=7jt,
<=7jt,
<=7jt,
<=7jt,
<=7jt,
<=7jt,
<=7jt,
<=7jt,
>7jt,
<=7jt,
<=7jt,
<=7jt,
>7jt,
<=7jt,
<=7jt,
<=7jt,
<=7jt,
<=7jt,
<=7jt,
<=7jt,
<=7jt,
>7jt,
<=7jt,
<=7jt,
>7jt,
<=7jt,
<=7jt,
<=7jt,
<=7jt,
>7jt,
>7jt,
<=7jt,
<=7jt,
<=7jt,
>7jt,
<=7jt,
<=7jt,
<=7jt,
<=7jt,
<=7jt,
<=7jt,
>7jt,
<=7jt,
<=7jt,
>7jt,
<=7jt,
<=7jt,
<=7jt,
<=7jt,
<=7jt,
<=7jt,
<=7jt,
<=7jt,
<=7jt,
<=7jt,
<=7jt,
<=7jt,
<=7jt,
<=7jt,
<=7jt,
>7jt,
>7jt,
<=7jt,
<=7jt,
<=7jt,
<=7jt,
>7jt,
<=7jt,
<=7jt,
<=7jt,
<=7jt,
<=7jt,
<=7jt,
<=7jt,
>7jt,
<=7jt,
<=7jt,
<=7jt,
<=7jt,
<=7jt,
<=7jt,
>7jt,
>7jt,
<=7jt,
<=7jt,
<=7jt,
<=7jt,
<=7jt,
<=7jt,
<=7jt,
<=7jt,
<=7jt,
<=7jt,
<=7jt,
<=7jt,
>7jt,
<=7jt,
<=7jt,
<=7jt,
<=7jt,
<=7jt,
<=7jt,
<=7jt,
<=7jt,
<=7jt,
<=7jt,
>7jt,
<=7jt,
<=7jt,
<=7jt,
<=7jt,
>7jt,
<=7jt,
<=7jt,
<=7jt,
>7jt,
<=7jt,
<=7jt,
<=7jt,
<=7jt,
<=7jt,
<=7jt,
<=7jt,
>7jt,
<=7jt,
<=7jt,
<=7jt,
<=7jt,
<=7jt,
<=7jt,
<=7jt,
<=7jt,
<=7jt,
<=7jt,
<=7jt,
<=7jt,
<=7jt,
<=7jt,
<=7jt,
>7jt,
<=7jt,
<=7jt,
<=7jt,
<=7jt,
<=7jt,
<=7jt,
<=7jt,
<=7jt,
<=7jt,
<=7jt,
<=7jt,
>7jt,
<=7jt,
<=7jt,
<=7jt,
<=7jt,
<=7jt,
>7jt,
<=7jt,
<=7jt,
>7jt,
<=7jt,
<=7jt,
<=7jt,
<=7jt,
<=7jt,
>7jt,
<=7jt,
<=7jt,
<=7jt,
<=7jt,
<=7jt,
<=7jt,
<=7jt,
<=7jt,
<=7jt,
<=7jt,
<=7jt,
<=7jt,
<=7jt,
>7jt,
<=7jt,
<=7jt,
<=7jt,
>7jt,
<=7jt,
<=7jt,
>7jt,
<=7jt,
<=7jt,
<=7jt,
<=7jt,
<=7jt,
<=7jt,
<=7jt,
<=7jt,
<=7jt,
<=7jt,
<=7jt,
<=7jt,
<=7jt,
<=7jt,
<=7jt,
<=7jt,
<=7jt,
<=7jt,
>7jt,
<=7jt,
>7jt,
<=7jt,
<=7jt,
<=7jt,
<=7jt,
<=7jt,
<=7jt,
<=7jt,
<=7jt,
<=7jt,
<=7jt,
<=7jt,
<=7jt,
<=7jt,
<=7jt,
<=7jt,
<=7jt,
<=7jt,
<=7jt,
<=7jt,
<=7jt,
<=7jt,
<=7jt,
<=7jt,
<=7jt,
<=7jt,
<=7jt,
<=7jt,
>7jt,
<=7jt,
<=7jt,
<=7jt,
<=7jt,
>7jt,
<=7jt,
<=7jt,
<=7jt,
<=7jt,
<=7jt,
<=7jt,
<=7jt,
<=7jt,
<=7jt,
<=7jt,
<=7jt,
<=7jt,
<=7jt,
>7jt,
<=7jt,
<=7jt,
<=7jt,
>7jt,
<=7jt,
<=7jt,
>7jt,
<=7jt,
<=7jt,
<=7jt,
>7jt,
<=7jt,
<=7jt,
<=7jt,
<=7jt,
<=7jt,
<=7jt,
<=7jt,
<=7jt,
<=7jt,
<=7jt,
<=7jt,
<=7jt,
<=7jt,
<=7jt,
<=7jt,
<=7jt,
<=7jt,
<=7jt,
<=7jt,
<=7jt,
<=7jt,
>7jt,
<=7jt,
<=7jt,
<=7jt,
<=7jt,
<=7jt,
<=7jt,
<=7jt,
<=7jt,
<=7jt,
<=7jt,
>7jt,
<=7jt,
<=7jt,
<=7jt,
<=7jt,
>7jt,
<=7jt,
<=7jt,
<=7jt,
<=7jt,
<=7jt,
<=7jt,
<=7jt,
<=7jt,
<=7jt,
<=7jt,
<=7jt,
<=7jt,
<=7jt,
<=7jt,
<=7jt,
<=7jt,
<=7jt,
<=7jt,
>7jt,
<=7jt,
<=7jt,
>7jt,
<=7jt,
<=7jt,
<=7jt,
>7jt,
>7jt,
<=7jt,
<=7jt,
<=7jt,
<=7jt,
<=7jt,
<=7jt,
<=7jt,
<=7jt,
<=7jt,
<=7jt,
<=7jt,
<=7jt,
<=7jt,
<=7jt,
<=7jt,
>7jt,
<=7jt,
<=7jt,
<=7jt,
<=7jt,
<=7jt,
<=7jt,
<=7jt,
<=7jt,
<=7jt,
<=7jt,
<=7jt,
<=7jt,
<=7jt,
<=7jt,
<=7jt,
<=7jt,
<=7jt,
<=7jt,
<=7jt,
<=7jt,
>7jt,
<=7jt,
<=7jt,
<=7jt,
<=7jt,
>7jt,
>7jt,
>7jt,
<=7jt,
<=7jt,
<=7jt,
<=7jt,
<=7jt,
<=7jt,
<=7jt,
<=7jt,
<=7jt,
<=7jt,
<=7jt,
<=7jt,
<=7jt,
<=7jt,
<=7jt,
<=7jt,
<=7jt,
>7jt,
>7jt,
<=7jt,
>7jt,
<=7jt,
<=7jt,
<=7jt,
<=7jt,
<=7jt,
<=7jt,
<=7jt,
<=7jt,
>7jt,
<=7jt,
<=7jt,
<=7jt,
<=7jt,
<=7jt,
<=7jt,
<=7jt,
<=7jt,
<=7jt,
<=7jt,
>7jt,
>7jt,
<=7jt,
<=7jt,
<=7jt,
<=7jt,
<=7jt,
<=7jt,
<=7jt,
<=7jt,
<=7jt,
<=7jt,
<=7jt,
<=7jt,
<=7jt,
<=7jt,
<=7jt,
<=7jt,
<=7jt,
<=7jt,
<=7jt,
<=7jt,
<=7jt,
<=7jt,
<=7jt,
>7jt,
<=7jt,
<=7jt,
<=7jt,
<=7jt,
<=7jt,
<=7jt,
>7jt,
>7jt,
<=7jt,
<=7jt,
<=7jt,
<=7jt,
>7jt,
<=7jt,
<=7jt,
<=7jt,
<=7jt,
<=7jt,
<=7jt,
<=7jt,
>7jt,
>7jt,
<=7jt,
<=7jt,
<=7jt,
<=7jt,
<=7jt,
<=7jt,
<=7jt,
<=7jt,
<=7jt,
<=7jt,
<=7jt,
<=7jt,
<=7jt,
<=7jt,
<=7jt,
<=7jt,
<=7jt,
<=7jt,
>7jt,
<=7jt,
<=7jt,
<=7jt,
<=7jt,
<=7jt,
<=7jt,
<=7jt,
<=7jt,
<=7jt,
>7jt,
<=7jt,
<=7jt,
<=7jt,
>7jt,
<=7jt,
<=7jt,
<=7jt,
<=7jt,
<=7jt,
<=7jt,
<=7jt,
<=7jt,
>7jt,
<=7jt,
<=7jt,
<=7jt,
<=7jt,
<=7jt,
<=7jt,
<=7jt,
>7jt,
<=7jt,
<=7jt,
<=7jt,
<=7jt,
<=7jt,
<=7jt,
<=7jt,
<=7jt,
>7jt,
<=7jt,
<=7jt,
<=7jt,
>7jt,
<=7jt,
<=7jt,
<=7jt,
<=7jt,
<=7jt,
<=7jt,
<=7jt,
<=7jt,
<=7jt,
<=7jt,
<=7jt,
<=7jt,
<=7jt,
<=7jt,
<=7jt,
<=7jt,
<=7jt,
<=7jt,
<=7jt,
>7jt,
<=7jt,
<=7jt,
<=7jt,
<=7jt,
<=7jt,
>7jt,
<=7jt,
<=7jt,
<=7jt,
<=7jt,
<=7jt,
<=7jt,
<=7jt,
<=7jt,
<=7jt,
<=7jt,
<=7jt,
<=7jt,
<=7jt,
<=7jt,
>7jt,
<=7jt,
<=7jt,
<=7jt,
<=7jt,
<=7jt,
<=7jt,
<=7jt,
<=7jt,
>7jt,
>7jt,
<=7jt,
<=7jt,
<=7jt,
<=7jt,
>7jt,
>7jt,
<=7jt,
<=7jt,
<=7jt,
>7jt,
<=7jt,
<=7jt,
<=7jt,
<=7jt,
<=7jt,
<=7jt,
<=7jt,
<=7jt,
<=7jt,
<=7jt,
<=7jt,
<=7jt,
<=7jt,
<=7jt,
>7jt,
<=7jt,
<=7jt,
<=7jt,
<=7jt,
<=7jt,
<=7jt,
<=7jt,
<=7jt,
<=7jt,
<=7jt,
<=7jt,
<=7jt,
<=7jt,
<=7jt,
<=7jt,
<=7jt,
<=7jt,
<=7jt,
<=7jt,
<=7jt,
<=7jt,
<=7jt,
<=7jt,
<=7jt,
>7jt,
>7jt,
<=7jt,
<=7jt,
<=7jt,
<=7jt,
<=7jt,
<=7jt,
<=7jt,
>7jt,
<=7jt,
<=7jt,
<=7jt,
>7jt,
>7jt,
<=7jt,
<=7jt,
<=7jt,
<=7jt,
<=7jt,
<=7jt,
<=7jt,
<=7jt,
<=7jt,
<=7jt,
<=7jt,
<=7jt,
<=7jt,
>7jt,
<=7jt,
<=7jt,
<=7jt,
<=7jt,
<=7jt,
>7jt,
<=7jt,
<=7jt,
<=7jt,
<=7jt,
<=7jt,
<=7jt,
<=7jt,
<=7jt,
<=7jt,
>7jt,
<=7jt,
<=7jt,
<=7jt,
<=7jt,
<=7jt,
<=7jt,
<=7jt,
<=7jt,
<=7jt,
>7jt,
<=7jt,
<=7jt,
<=7jt,
<=7jt,
<=7jt,
<=7jt,
<=7jt,
<=7jt,
<=7jt,
>7jt,
>7jt,
<=7jt,
<=7jt,
<=7jt,
<=7jt,
<=7jt,
<=7jt,
<=7jt,
<=7jt,
>7jt,
<=7jt,
<=7jt,
<=7jt,
<=7jt,
<=7jt,
<=7jt,
<=7jt,
<=7jt,
<=7jt,
<=7jt,
>7jt,
<=7jt,
<=7jt,
<=7jt,
<=7jt,
>7jt,
<=7jt,
<=7jt,
<=7jt,
<=7jt,
<=7jt,
<=7jt,
<=7jt,
<=7jt,
<=7jt,
<=7jt,
<=7jt,
<=7jt,
<=7jt,
<=7jt,
<=7jt,
<=7jt,
<=7jt,
<=7jt,
<=7jt,
>7jt,
>7jt,
<=7jt,
<=7jt,
<=7jt,
<=7jt,
<=7jt,
>7jt,
<=7jt,
<=7jt,
<=7jt,
<=7jt,
<=7jt,
<=7jt,
<=7jt,
<=7jt,
<=7jt,
<=7jt,
<=7jt,
<=7jt,
<=7jt,
<=7jt,
<=7jt,
<=7jt,
<=7jt,
<=7jt,
<=7jt,
<=7jt,
<=7jt,
<=7jt,
<=7jt,
<=7jt,
<=7jt,
<=7jt,
<=7jt,
<=7jt,
<=7jt,
<=7jt,
<=7jt,
<=7jt,
<=7jt,
<=7jt,
<=7jt,
<=7jt,
<=7jt,
<=7jt,
<=7jt,
<=7jt,
<=7jt,
>7jt,
<=7jt,
<=7jt,
<=7jt,
<=7jt,
<=7jt,
<=7jt,
<=7jt,
<=7jt,
>7jt,
<=7jt,
<=7jt,
<=7jt,
<=7jt,
<=7jt,
<=7jt,
<=7jt,
<=7jt,
>7jt,
<=7jt,
>7jt,
<=7jt,
<=7jt,
<=7jt,
>7jt,
<=7jt,
<=7jt,
<=7jt,
>7jt,
<=7jt,
>7jt,
<=7jt,
<=7jt,
<=7jt,
<=7jt,
<=7jt,
>7jt,
<=7jt,
<=7jt,
<=7jt,
<=7jt,
<=7jt,
<=7jt,
>7jt,
<=7jt,
<=7jt,
<=7jt,
>7jt,
<=7jt,
<=7jt,
<=7jt,
<=7jt,
<=7jt,
<=7jt,
<=7jt,
<=7jt,
<=7jt,
>7jt,
<=7jt,
<=7jt,
>7jt,
<=7jt,
<=7jt,
<=7jt,
<=7jt,
<=7jt,
<=7jt,
<=7jt,
<=7jt,
<=7jt,
<=7jt,
<=7jt,
<=7jt,
<=7jt,
<=7jt,
<=7jt,
<=7jt,
<=7jt,
<=7jt,
<=7jt,
<=7jt,
<=7jt,
<=7jt,
<=7jt,
<=7jt,
<=7jt,
<=7jt,
<=7jt,
>7jt,
<=7jt,
<=7jt,
<=7jt,
<=7jt,
<=7jt,
<=7jt,
<=7jt,
<=7jt,
<=7jt,
<=7jt,
>7jt,
<=7jt,
<=7jt,
<=7jt,
<=7jt,
<=7jt,
<=7jt,
<=7jt,
<=7jt,
<=7jt,
<=7jt,
<=7jt,
<=7jt,
<=7jt,
<=7jt,
<=7jt,
<=7jt,
>7jt,
<=7jt,
<=7jt,
>7jt,
<=7jt,
<=7jt,
<=7jt,
<=7jt,
<=7jt,
<=7jt,
<=7jt,
>7jt,
<=7jt,
<=7jt,
<=7jt,
<=7jt,
<=7jt,
<=7jt,
>7jt,
<=7jt,
>7jt,
<=7jt,
<=7jt,
<=7jt,
<=7jt,
>7jt,
<=7jt,
<=7jt,
>7jt,
>7jt,
>7jt,
<=7jt,
<=7jt,
<=7jt,
<=7jt,
<=7jt,
<=7jt,
<=7jt,
<=7jt,
>7jt,
<=7jt,
<=7jt,
<=7jt,
<=7jt,
<=7jt,
<=7jt,
<=7jt,
<=7jt,
>7jt,
<=7jt,
<=7jt,
<=7jt,
<=7jt,
<=7jt,
<=7jt,
<=7jt,
<=7jt,
<=7jt,
<=7jt,
>7jt,
<=7jt,
<=7jt,
<=7jt,
<=7jt,
<=7jt,
<=7jt,
>7jt,
<=7jt,
<=7jt,
<=7jt,
<=7jt,
<=7jt,
<=7jt,
<=7jt,
<=7jt,
>7jt,
<=7jt,
<=7jt,
>7jt,
<=7jt,
>7jt,
<=7jt,
<=7jt,
>7jt,
<=7jt,
<=7jt,
>7jt,
<=7jt,
<=7jt,
<=7jt,
<=7jt,
>7jt,
<=7jt,
<=7jt,
<=7jt,
<=7jt,
<=7jt,
<=7jt,
>7jt,
<=7jt,
<=7jt,
<=7jt,
<=7jt,
<=7jt,
<=7jt,
<=7jt,
<=7jt,
<=7jt,
<=7jt,
<=7jt,
<=7jt,
<=7jt,
<=7jt,
<=7jt,
<=7jt,
<=7jt,
<=7jt,
<=7jt,
>7jt,
<=7jt,
<=7jt,
<=7jt,
<=7jt,
<=7jt,
<=7jt,
<=7jt,
<=7jt,
<=7jt,
<=7jt,
>7jt,
<=7jt,
<=7jt,
<=7jt,
<=7jt,
<=7jt,
<=7jt,
<=7jt,
<=7jt,
<=7jt,
<=7jt,
<=7jt,
<=7jt,
<=7jt,
<=7jt,
<=7jt,
<=7jt,
>7jt,
<=7jt,
<=7jt,
<=7jt,
<=7jt,
<=7jt,
<=7jt,
<=7jt,
<=7jt,
<=7jt,
<=7jt,
<=7jt,
<=7jt,
>7jt,
<=7jt,
<=7jt,
<=7jt,
<=7jt,
<=7jt,
>7jt,
<=7jt,
>7jt,
<=7jt,
<=7jt,
>7jt,
<=7jt,
>7jt,
<=7jt,
<=7jt,
<=7jt,
>7jt,
<=7jt,
<=7jt,
>7jt,
<=7jt,
<=7jt,
>7jt,
<=7jt,
<=7jt,
<=7jt,
<=7jt,
<=7jt,
<=7jt,
<=7jt,
>7jt,
<=7jt,
<=7jt,
<=7jt,
<=7jt,
<=7jt,
<=7jt,
<=7jt,
<=7jt,
<=7jt,
>7jt,
<=7jt,
<=7jt,
<=7jt,
<=7jt,
<=7jt,
<=7jt,
<=7jt,
<=7jt,
<=7jt,
<=7jt,
<=7jt,
<=7jt,
<=7jt,
<=7jt,
<=7jt,
<=7jt,
<=7jt,
<=7jt,
<=7jt,
<=7jt,
<=7jt,
<=7jt,
<=7jt,
>7jt,
<=7jt,
<=7jt,
<=7jt,
<=7jt,
<=7jt,
<=7jt,
<=7jt,
<=7jt,
<=7jt,
<=7jt,
<=7jt,
<=7jt,
<=7jt,
<=7jt,
>7jt,
<=7jt,
<=7jt,
<=7jt,
<=7jt,
>7jt,
<=7jt,
<=7jt,
<=7jt,
<=7jt,
<=7jt,
<=7jt,
<=7jt,
<=7jt,
<=7jt,
<=7jt,
<=7jt,
<=7jt,
<=7jt,
<=7jt,
<=7jt,
<=7jt,
<=7jt,
<=7jt,
<=7jt,
<=7jt,
<=7jt,
<=7jt,
<=7jt,
>7jt,
<=7jt,
<=7jt,
<=7jt,
>7jt,
<=7jt,
<=7jt,
>7jt,
<=7jt,
<=7jt,
<=7jt,
<=7jt,
<=7jt,
<=7jt,
<=7jt,
<=7jt,
<=7jt,
<=7jt,
<=7jt,
<=7jt,
<=7jt,
<=7jt,
<=7jt,
<=7jt,
<=7jt,
>7jt,
>7jt,
<=7jt,
<=7jt,
<=7jt,
<=7jt,
<=7jt,
<=7jt,
<=7jt,
<=7jt,
<=7jt,
<=7jt,
<=7jt,
<=7jt,
<=7jt,
<=7jt,
<=7jt,
<=7jt,
>7jt,
>7jt,
<=7jt,
<=7jt,
<=7jt,
<=7jt,
<=7jt,
<=7jt,
>7jt,
<=7jt,
<=7jt,
<=7jt,
<=7jt,
<=7jt,
<=7jt,
>7jt,
>7jt,
<=7jt,
<=7jt,
<=7jt,
<=7jt,
<=7jt,
<=7jt,
<=7jt,
<=7jt,
<=7jt,
<=7jt,
<=7jt,
>7jt,
<=7jt,
<=7jt,
<=7jt,
<=7jt,
<=7jt,
>7jt,
>7jt,
<=7jt,
>7jt,
<=7jt,
<=7jt,
>7jt,
<=7jt,
<=7jt,
<=7jt,
<=7jt,
<=7jt,
<=7jt,
>7jt,
<=7jt,
<=7jt,
<=7jt,
<=7jt,
<=7jt,
<=7jt,
>7jt,
<=7jt,
<=7jt,
<=7jt,
>7jt,
<=7jt,
<=7jt,
<=7jt,
<=7jt,
<=7jt,
>7jt,
>7jt,
<=7jt,
>7jt,
<=7jt,
<=7jt,
<=7jt,
<=7jt,
<=7jt,
>7jt,
<=7jt,
<=7jt,
<=7jt,
<=7jt,
<=7jt,
<=7jt,
<=7jt,
<=7jt,
<=7jt,
<=7jt,
<=7jt,
<=7jt,
<=7jt,
<=7jt,
<=7jt,
<=7jt,
<=7jt,
<=7jt,
<=7jt,
<=7jt,
<=7jt,
<=7jt,
>7jt,
<=7jt,
<=7jt,
<=7jt,
<=7jt,
<=7jt,
<=7jt,
<=7jt,
<=7jt,
<=7jt,
>7jt,
<=7jt,
<=7jt,
<=7jt,
<=7jt,
<=7jt,
<=7jt,
>7jt,
>7jt,
<=7jt,
<=7jt,
<=7jt,
<=7jt,
>7jt,
>7jt,
<=7jt,
<=7jt,
<=7jt,
<=7jt,
<=7jt,
<=7jt,
<=7jt,
<=7jt,
<=7jt,
<=7jt,
<=7jt,
<=7jt,
<=7jt,
<=7jt,
<=7jt,
<=7jt,
<=7jt,
<=7jt,
<=7jt,
<=7jt,
<=7jt,
>7jt,
<=7jt,
<=7jt,
<=7jt,
>7jt,
<=7jt,
<=7jt,
<=7jt,
>7jt,
<=7jt,
<=7jt,
<=7jt,
<=7jt,
<=7jt,
>7jt,
<=7jt,
<=7jt,
<=7jt,
>7jt,
<=7jt,
<=7jt,
<=7jt,
<=7jt,
<=7jt,
<=7jt,
<=7jt,
>7jt,
<=7jt,
<=7jt,
<=7jt,
<=7jt,
<=7jt,
<=7jt,
<=7jt,
<=7jt,
<=7jt,
<=7jt,
<=7jt,
>7jt,
<=7jt,
<=7jt,
<=7jt,
>7jt,
<=7jt,
<=7jt,
<=7jt,
<=7jt,
<=7jt,
<=7jt,
<=7jt,
>7jt,
>7jt,
<=7jt,
<=7jt,
<=7jt,
>7jt,
<=7jt,
<=7jt,
<=7jt,
<=7jt,
<=7jt,
<=7jt,
<=7jt,
<=7jt,
<=7jt,
>7jt,
<=7jt,
<=7jt,
<=7jt,
<=7jt,
<=7jt,
<=7jt,
<=7jt,
<=7jt,
<=7jt,
<=7jt,
<=7jt,
>7jt,
<=7jt,
<=7jt,
<=7jt,
<=7jt,
<=7jt,
<=7jt,
<=7jt,
<=7jt,
<=7jt,
<=7jt,
<=7jt,
<=7jt,
<=7jt,
<=7jt,
<=7jt,
>7jt,
<=7jt,
<=7jt,
<=7jt,
>7jt,
<=7jt,
<=7jt,
<=7jt,
<=7jt,
<=7jt,
<=7jt,
<=7jt,
<=7jt,
<=7jt,
<=7jt,
<=7jt,
>7jt,
>7jt,
<=7jt,
<=7jt,
<=7jt,
>7jt,
<=7jt,
<=7jt,
<=7jt,
<=7jt,
<=7jt,
<=7jt,
<=7jt,
<=7jt,
>7jt,
<=7jt,
<=7jt,
<=7jt,
<=7jt,
<=7jt,
<=7jt,
<=7jt,
<=7jt,
<=7jt,
<=7jt,
<=7jt,
<=7jt,
<=7jt,
>7jt,
<=7jt,
<=7jt,
<=7jt,
>7jt,
<=7jt,
<=7jt,
>7jt,
<=7jt,
<=7jt,
<=7jt,
<=7jt,
<=7jt,
<=7jt,
<=7jt,
<=7jt,
<=7jt,
<=7jt,
<=7jt,
<=7jt,
<=7jt,
<=7jt,
<=7jt,
<=7jt,
<=7jt,
<=7jt,
<=7jt,
<=7jt,
<=7jt,
<=7jt,
<=7jt,
<=7jt,
<=7jt,
<=7jt,
<=7jt,
<=7jt,
<=7jt,
<=7jt,
<=7jt,
<=7jt,
<=7jt,
<=7jt,
<=7jt,
>7jt,
<=7jt,
<=7jt,
<=7jt,
<=7jt,
<=7jt,
<=7jt,
<=7jt,
<=7jt,
<=7jt,
<=7jt,
>7jt,
<=7jt,
<=7jt,
<=7jt,
<=7jt,
<=7jt,
<=7jt,
<=7jt,
<=7jt,
<=7jt,
<=7jt,
<=7jt,
<=7jt,
<=7jt,
>7jt,
<=7jt,
<=7jt,
<=7jt,
<=7jt,
<=7jt,
<=7jt,
<=7jt,
<=7jt,
>7jt,
<=7jt,
<=7jt,
<=7jt,
<=7jt,
>7jt,
<=7jt,
<=7jt,
<=7jt,
<=7jt,
<=7jt,
<=7jt,
<=7jt,
<=7jt,
<=7jt,
>7jt,
<=7jt,
<=7jt,
<=7jt,
<=7jt,
<=7jt,
>7jt,
>7jt,
<=7jt,
<=7jt,
<=7jt,
<=7jt,
>7jt,
<=7jt,
<=7jt,
>7jt,
<=7jt,
<=7jt,
<=7jt,
<=7jt,
<=7jt,
<=7jt,
<=7jt,
<=7jt,
>7jt,
<=7jt,
<=7jt,
<=7jt,
<=7jt,
>7jt,
<=7jt,
<=7jt,
<=7jt,
<=7jt,
<=7jt,
>7jt,
>7jt,
>7jt,
<=7jt,
<=7jt,
<=7jt,
<=7jt,
<=7jt,
<=7jt,
<=7jt,
<=7jt,
<=7jt,
<=7jt,
<=7jt,
<=7jt,
<=7jt,
<=7jt,
<=7jt,
<=7jt,
<=7jt,
<=7jt,
<=7jt,
<=7jt,
<=7jt,
<=7jt,
<=7jt,
<=7jt,
<=7jt,
<=7jt,
<=7jt,
<=7jt,
<=7jt,
<=7jt,
<=7jt,
<=7jt,
<=7jt,
<=7jt,
<=7jt,
>7jt,
<=7jt,
<=7jt,
<=7jt,
<=7jt,
<=7jt,
>7jt,
<=7jt,
>7jt,
<=7jt,
<=7jt,
>7jt,
<=7jt,
<=7jt,
<=7jt,
<=7jt,
<=7jt,
<=7jt,
<=7jt,
<=7jt,
<=7jt,
<=7jt,
>7jt,
<=7jt,
>7jt,
<=7jt,
<=7jt,
<=7jt,
<=7jt,
<=7jt,
<=7jt,
<=7jt,
<=7jt,
<=7jt,
<=7jt,
<=7jt,
<=7jt,
<=7jt,
<=7jt,
<=7jt,
<=7jt,
<=7jt,
<=7jt,
<=7jt,
<=7jt,
<=7jt,
<=7jt,
<=7jt,
<=7jt,
<=7jt,
<=7jt,
<=7jt,
<=7jt,
<=7jt,
<=7jt,
>7jt,
<=7jt,
<=7jt,
<=7jt,
<=7jt,
<=7jt,
<=7jt,
<=7jt,
<=7jt,
<=7jt,
<=7jt,
>7jt,
<=7jt,
<=7jt,
<=7jt,
<=7jt,
<=7jt,
<=7jt,
<=7jt,
<=7jt,
<=7jt,
<=7jt,
<=7jt,
<=7jt,
<=7jt,
<=7jt,
<=7jt,
<=7jt,
<=7jt,
<=7jt,
<=7jt,
<=7jt,
<=7jt,
<=7jt,
<=7jt,
<=7jt,
<=7jt,
<=7jt,
<=7jt,
<=7jt,
<=7jt,
>7jt,
<=7jt,
<=7jt,
<=7jt,
<=7jt,
>7jt,
<=7jt,
<=7jt,
<=7jt,
<=7jt,
<=7jt,
<=7jt,
<=7jt,
<=7jt,
>7jt,
<=7jt,
>7jt,
<=7jt,
>7jt,
<=7jt,
<=7jt,
<=7jt,
<=7jt,
<=7jt,
<=7jt,
<=7jt,
<=7jt,
<=7jt,
<=7jt,
<=7jt,
<=7jt,
<=7jt,
<=7jt,
<=7jt,
<=7jt,
<=7jt,
<=7jt,
>7jt,
<=7jt,
<=7jt,
>7jt,
<=7jt,
<=7jt,
<=7jt,
<=7jt,
<=7jt,
<=7jt,
<=7jt,
<=7jt,
<=7jt,
<=7jt,
<=7jt,
<=7jt,
<=7jt,
<=7jt,
<=7jt,
<=7jt,
<=7jt,
<=7jt,
>7jt,
<=7jt,
<=7jt,
<=7jt,
<=7jt,
<=7jt,
<=7jt,
<=7jt,
<=7jt,
>7jt,
<=7jt,
<=7jt,
<=7jt,
<=7jt,
<=7jt,
<=7jt,
<=7jt,
<=7jt,
<=7jt,
<=7jt,
<=7jt,
<=7jt,
<=7jt,
<=7jt,
<=7jt,
<=7jt,
<=7jt,
<=7jt,
<=7jt,
<=7jt,
<=7jt,
<=7jt,
<=7jt,
>7jt,
<=7jt,
>7jt,
<=7jt,
>7jt,
<=7jt,
<=7jt,
<=7jt,
>7jt,
<=7jt,
<=7jt,
<=7jt,
>7jt,
>7jt,
<=7jt,
<=7jt,
<=7jt,
<=7jt,
<=7jt,
<=7jt,
<=7jt,
<=7jt,
<=7jt,
<=7jt,
<=7jt,
<=7jt,
<=7jt,
<=7jt,
<=7jt,
<=7jt,
>7jt,
<=7jt,
<=7jt,
<=7jt,
<=7jt,
<=7jt,
<=7jt,
<=7jt,
<=7jt,
>7jt,
<=7jt,
>7jt,
<=7jt,
<=7jt,
>7jt,
<=7jt,
<=7jt,
<=7jt,
<=7jt,
<=7jt,
<=7jt,
<=7jt,
<=7jt,
<=7jt,
<=7jt,
>7jt,
<=7jt,
<=7jt,
<=7jt,
<=7jt,
<=7jt,
<=7jt,
<=7jt,
<=7jt,
<=7jt,
<=7jt,
<=7jt,
<=7jt,
<=7jt,
<=7jt,
>7jt,
<=7jt,
<=7jt,
<=7jt,
<=7jt,
<=7jt,
<=7jt,
<=7jt,
<=7jt,
<=7jt,
>7jt,
<=7jt,
<=7jt,
<=7jt,
<=7jt,
<=7jt,
<=7jt,
<=7jt,
<=7jt,
<=7jt,
<=7jt,
<=7jt,
<=7jt,
<=7jt,
<=7jt,
>7jt,
>7jt,
>7jt,
<=7jt,
<=7jt,
<=7jt,
<=7jt,
<=7jt,
<=7jt,
<=7jt,
<=7jt,
<=7jt,
>7jt,
<=7jt,
<=7jt,
<=7jt,
<=7jt,
>7jt,
<=7jt,
<=7jt,
<=7jt,
<=7jt,
<=7jt,
<=7jt,
<=7jt,
<=7jt,
<=7jt,
<=7jt,
<=7jt,
<=7jt,
<=7jt,
<=7jt,
<=7jt,
<=7jt,
<=7jt,
<=7jt,
<=7jt,
<=7jt,
>7jt,
<=7jt,
<=7jt,
<=7jt,
<=7jt,
<=7jt,
<=7jt,
<=7jt,
<=7jt,
<=7jt,
<=7jt,
<=7jt,
<=7jt,
<=7jt,
<=7jt,
<=7jt,
<=7jt,
<=7jt,
<=7jt,
<=7jt,
<=7jt,
<=7jt,
<=7jt,
<=7jt,
>7jt,
<=7jt,
<=7jt,
<=7jt,
<=7jt,
<=7jt,
<=7jt,
>7jt,
<=7jt,
>7jt,
<=7jt,
<=7jt,
<=7jt,
<=7jt,
<=7jt,
<=7jt,
<=7jt,
<=7jt,
<=7jt,
<=7jt,
<=7jt,
<=7jt,
<=7jt,
<=7jt,
<=7jt,
<=7jt,
<=7jt,
<=7jt,
<=7jt,
<=7jt,
<=7jt,
>7jt,
<=7jt,
<=7jt,
<=7jt,
<=7jt,
<=7jt,
<=7jt,
<=7jt,
>7jt,
<=7jt,
<=7jt,
<=7jt,
<=7jt,
<=7jt,
<=7jt,
<=7jt,
<=7jt,
<=7jt,
>7jt,
>7jt,
<=7jt,
<=7jt,
<=7jt,
<=7jt,
<=7jt,
<=7jt,
<=7jt,
<=7jt,
<=7jt,
<=7jt,
>7jt,
<=7jt,
<=7jt,
<=7jt,
<=7jt,
<=7jt,
<=7jt,
<=7jt,
<=7jt,
<=7jt,
<=7jt,
>7jt,
>7jt,
<=7jt,
<=7jt,
<=7jt,
<=7jt,
>7jt,
<=7jt,
<=7jt,
<=7jt,
<=7jt,
<=7jt,
<=7jt,
<=7jt,
>7jt,
>7jt,
<=7jt,
<=7jt,
<=7jt,
<=7jt,
>7jt,
<=7jt,
<=7jt,
<=7jt,
<=7jt,
<=7jt,
<=7jt,
<=7jt,
<=7jt,
<=7jt,
<=7jt,
<=7jt,
<=7jt,
<=7jt,
<=7jt,
<=7jt,
>7jt,
<=7jt,
<=7jt,
<=7jt,
<=7jt,
<=7jt,
>7jt,
<=7jt,
<=7jt,
<=7jt,
<=7jt,
<=7jt,
<=7jt,
<=7jt,
<=7jt,
<=7jt,
<=7jt,
>7jt,
<=7jt,
<=7jt,
<=7jt,
>7jt,
>7jt,
<=7jt,
<=7jt,
<=7jt,
<=7jt,
<=7jt,
<=7jt,
<=7jt,
<=7jt,
<=7jt,
>7jt,
<=7jt,
<=7jt,
<=7jt,
<=7jt,
<=7jt,
<=7jt,
<=7jt,
<=7jt,
<=7jt,
<=7jt,
<=7jt,
<=7jt,
<=7jt,
<=7jt,
<=7jt,
<=7jt,
<=7jt,
<=7jt,
<=7jt,
<=7jt,
<=7jt,
<=7jt,
<=7jt,
<=7jt,
>7jt,
<=7jt,
<=7jt,
<=7jt,
<=7jt,
<=7jt,
<=7jt,
<=7jt,
<=7jt,
<=7jt,
<=7jt,
<=7jt,
<=7jt,
<=7jt,
<=7jt,
<=7jt,
>7jt,
<=7jt,
<=7jt,
<=7jt,
<=7jt,
<=7jt,
>7jt,
>7jt,
<=7jt,
<=7jt,
>7jt,
>7jt,
<=7jt,
<=7jt,
<=7jt,
<=7jt,
<=7jt,
>7jt,
<=7jt,
<=7jt,
<=7jt,
<=7jt,
<=7jt,
>7jt,
<=7jt,
<=7jt,
<=7jt,
<=7jt,
<=7jt,
<=7jt,
<=7jt,
<=7jt,
<=7jt,
<=7jt,
<=7jt,
<=7jt,
<=7jt,
<=7jt,
<=7jt,
<=7jt,
<=7jt,
<=7jt,
<=7jt,
<=7jt,
<=7jt,
<=7jt,
<=7jt,
<=7jt,
<=7jt,
<=7jt,
<=7jt,
<=7jt,
<=7jt,
<=7jt,
<=7jt,
<=7jt,
<=7jt,
<=7jt,
<=7jt,
<=7jt,
<=7jt,
<=7jt,
>7jt,
<=7jt,
<=7jt,
<=7jt,
<=7jt,
<=7jt,
>7jt,
<=7jt,
<=7jt,
<=7jt,
<=7jt,
>7jt,
<=7jt,
<=7jt,
<=7jt,
<=7jt,
<=7jt,
<=7jt,
<=7jt,
<=7jt,
<=7jt,
<=7jt,
<=7jt,
<=7jt,
<=7jt,
<=7jt,
>7jt,
<=7jt,
<=7jt,
<=7jt,
<=7jt,
>7jt,
<=7jt,
<=7jt,
<=7jt,
<=7jt,
<=7jt,
<=7jt,
<=7jt,
<=7jt,
<=7jt,
<=7jt,
<=7jt,
<=7jt,
<=7jt,
<=7jt,
<=7jt,
<=7jt,
<=7jt,
>7jt,
<=7jt,
<=7jt,
<=7jt,
<=7jt,
>7jt,
>7jt,
<=7jt,
<=7jt,
<=7jt,
<=7jt,
<=7jt,
<=7jt,
>7jt,
<=7jt,
<=7jt,
<=7jt,
<=7jt,
<=7jt,
<=7jt,
>7jt,
<=7jt,
<=7jt,
<=7jt,
<=7jt,
<=7jt,
<=7jt,
<=7jt,
<=7jt,
<=7jt,
<=7jt,
<=7jt,
<=7jt,
<=7jt,
<=7jt,
>7jt,
<=7jt,
<=7jt,
<=7jt,
>7jt,
<=7jt,
<=7jt,
<=7jt,
<=7jt,
<=7jt,
>7jt,
<=7jt,
>7jt,
<=7jt,
<=7jt,
<=7jt,
>7jt,
<=7jt,
<=7jt,
<=7jt,
<=7jt,
<=7jt,
<=7jt,
<=7jt,
>7jt,
<=7jt,
<=7jt,
>7jt,
<=7jt,
<=7jt,
<=7jt,
<=7jt,
<=7jt,
<=7jt,
>7jt,
<=7jt,
<=7jt,
<=7jt,
<=7jt,
<=7jt,
<=7jt,
<=7jt,
<=7jt,
>7jt,
<=7jt,
<=7jt,
<=7jt,
<=7jt,
<=7jt,
<=7jt,
<=7jt,
<=7jt,
<=7jt,
<=7jt,
>7jt,
<=7jt,
>7jt,
>7jt,
<=7jt,
<=7jt,
>7jt,
<=7jt,
<=7jt,
<=7jt,
<=7jt,
<=7jt,
<=7jt,
<=7jt,
<=7jt,
<=7jt,
<=7jt,
<=7jt,
<=7jt,
<=7jt,
<=7jt,
<=7jt,
<=7jt,
<=7jt,
<=7jt,
<=7jt,
<=7jt,
<=7jt,
<=7jt,
>7jt,
<=7jt,
<=7jt,
<=7jt,
<=7jt,
<=7jt,
<=7jt,
<=7jt,
<=7jt,
<=7jt,
>7jt,
<=7jt,
<=7jt,
<=7jt,
<=7jt,
<=7jt,
<=7jt,
<=7jt,
<=7jt,
<=7jt,
>7jt,
<=7jt,
<=7jt,
<=7jt,
<=7jt,
<=7jt,
>7jt,
<=7jt,
<=7jt,
<=7jt,
<=7jt,
<=7jt,
>7jt,
<=7jt,
<=7jt,
<=7jt,
<=7jt,
<=7jt,
<=7jt,
<=7jt,
<=7jt,
<=7jt,
<=7jt,
<=7jt,
<=7jt,
<=7jt,
<=7jt,
<=7jt,
>7jt,
<=7jt,
<=7jt,
<=7jt,
<=7jt,
<=7jt,
<=7jt,
<=7jt,
<=7jt,
<=7jt,
<=7jt,
<=7jt,
<=7jt,
<=7jt,
<=7jt,
<=7jt,
<=7jt,
<=7jt,
<=7jt,
<=7jt,
<=7jt,
<=7jt,
<=7jt,
<=7jt,
<=7jt,
>7jt,
<=7jt,
<=7jt,
>7jt,
<=7jt,
<=7jt,
<=7jt,
<=7jt,
<=7jt,
<=7jt,
<=7jt,
>7jt,
<=7jt,
>7jt,
<=7jt,
<=7jt,
>7jt,
<=7jt,
<=7jt,
<=7jt,
<=7jt,
<=7jt,
>7jt,
<=7jt,
>7jt,
<=7jt,
<=7jt,
<=7jt,
<=7jt,
<=7jt,
<=7jt,
<=7jt,
<=7jt,
<=7jt,
<=7jt,
<=7jt,
<=7jt,
<=7jt,
<=7jt,
<=7jt,
<=7jt,
<=7jt,
<=7jt,
>7jt,
<=7jt,
>7jt,
<=7jt,
<=7jt,
<=7jt,
<=7jt,
<=7jt,
<=7jt,
<=7jt,
<=7jt,
<=7jt,
<=7jt,
<=7jt,
<=7jt,
<=7jt,
<=7jt,
<=7jt,
<=7jt,
<=7jt,
<=7jt,
<=7jt,
<=7jt,
<=7jt,
>7jt,
<=7jt,
<=7jt,
<=7jt,
<=7jt,
<=7jt,
<=7jt,
<=7jt,
<=7jt,
<=7jt,
<=7jt,
<=7jt,
<=7jt,
<=7jt,
>7jt,
<=7jt,
<=7jt,
<=7jt,
<=7jt,
>7jt,
<=7jt,
<=7jt,
<=7jt,
<=7jt,
<=7jt,
<=7jt,
<=7jt,
<=7jt,
<=7jt,
<=7jt,
<=7jt,
<=7jt,
<=7jt,
<=7jt,
<=7jt,
<=7jt,
<=7jt,
<=7jt,
<=7jt,
<=7jt,
<=7jt,
<=7jt,
<=7jt,
<=7jt,
>7jt,
<=7jt,
<=7jt,
<=7jt,
<=7jt,
<=7jt,
<=7jt,
<=7jt,
<=7jt,
<=7jt,
>7jt,
<=7jt,
<=7jt,
<=7jt,
<=7jt,
<=7jt,
<=7jt,
<=7jt,
<=7jt,
<=7jt,
<=7jt,
<=7jt,
<=7jt,
<=7jt,
<=7jt,
<=7jt,
<=7jt,
<=7jt,
<=7jt,
<=7jt,
<=7jt,
<=7jt,
<=7jt,
<=7jt,
<=7jt,
>7jt,
<=7jt,
<=7jt,
<=7jt,
<=7jt,
<=7jt,
<=7jt,
<=7jt,
<=7jt,
<=7jt,
<=7jt,
<=7jt,
<=7jt,
<=7jt,
<=7jt,
<=7jt,
>7jt,
<=7jt,
>7jt,
<=7jt,
<=7jt,
<=7jt,
<=7jt,
<=7jt,
<=7jt,
<=7jt,
<=7jt,
<=7jt,
<=7jt,
<=7jt,
<=7jt,
<=7jt,
<=7jt,
<=7jt,
<=7jt,
>7jt,
>7jt,
<=7jt,
<=7jt,
<=7jt,
<=7jt,
<=7jt,
<=7jt,
<=7jt,
<=7jt,
<=7jt,
<=7jt,
<=7jt,
<=7jt,
<=7jt,
<=7jt,
<=7jt,
>7jt,
<=7jt,
<=7jt,
<=7jt,
<=7jt,
<=7jt,
<=7jt,
<=7jt,
<=7jt,
<=7jt,
<=7jt,
<=7jt,
<=7jt,
>7jt,
<=7jt,
>7jt,
<=7jt,
<=7jt,
<=7jt,
<=7jt,
<=7jt,
<=7jt,
<=7jt,
>7jt,
<=7jt,
<=7jt,
<=7jt,
<=7jt,
<=7jt,
<=7jt,
<=7jt,
<=7jt,
<=7jt,
<=7jt,
<=7jt,
<=7jt,
<=7jt,
<=7jt,
<=7jt,
<=7jt,
>7jt,
<=7jt,
<=7jt,
<=7jt,
>7jt,
<=7jt,
<=7jt,
<=7jt,
<=7jt,
>7jt,
<=7jt,
<=7jt,
<=7jt,
<=7jt,
<=7jt,
<=7jt,
<=7jt,
<=7jt,
<=7jt,
<=7jt,
<=7jt,
<=7jt,
<=7jt,
>7jt,
<=7jt,
<=7jt,
<=7jt,
<=7jt,
<=7jt,
<=7jt,
<=7jt,
<=7jt,
<=7jt,
<=7jt,
>7jt,
<=7jt,
>7jt,
<=7jt,
<=7jt,
<=7jt,
<=7jt,
<=7jt,
<=7jt,
<=7jt,
>7jt,
<=7jt,
<=7jt,
<=7jt,
<=7jt,
<=7jt,
<=7jt,
<=7jt,
>7jt,
<=7jt,
<=7jt,
<=7jt,
<=7jt,
<=7jt,
<=7jt,
<=7jt,
<=7jt,
<=7jt,
<=7jt,
<=7jt,
<=7jt,
>7jt,
<=7jt,
<=7jt,
<=7jt,
<=7jt,
<=7jt,
<=7jt,
<=7jt,
<=7jt,
<=7jt,
<=7jt,
<=7jt,
<=7jt,
<=7jt,
<=7jt,
<=7jt,
<=7jt,
<=7jt,
<=7jt,
<=7jt,
<=7jt,
>7jt,
>7jt,
<=7jt,
<=7jt,
<=7jt,
<=7jt,
<=7jt,
<=7jt,
<=7jt,
<=7jt,
<=7jt,
<=7jt,
<=7jt,
<=7jt,
<=7jt,
<=7jt,
<=7jt,
<=7jt,
>7jt,
<=7jt,
<=7jt,
<=7jt,
<=7jt,
<=7jt,
<=7jt,
<=7jt,
<=7jt,
<=7jt,
>7jt,
<=7jt,
<=7jt,
<=7jt,
<=7jt,
>7jt,
<=7jt,
<=7jt,
<=7jt,
<=7jt,
<=7jt,
<=7jt,
<=7jt,
<=7jt,
<=7jt,
<=7jt,
<=7jt,
<=7jt,
<=7jt,
<=7jt,
<=7jt,
>7jt,
<=7jt,
<=7jt,
>7jt,
<=7jt,
>7jt,
<=7jt,
>7jt,
<=7jt,
>7jt,
<=7jt,
<=7jt,
<=7jt,
<=7jt,
>7jt,
<=7jt,
<=7jt,
<=7jt,
<=7jt,
<=7jt,
>7jt,
<=7jt,
<=7jt,
<=7jt,
<=7jt,
<=7jt,
<=7jt,
<=7jt,
<=7jt,
<=7jt,
<=7jt,
<=7jt,
<=7jt,
<=7jt,
<=7jt,
<=7jt,
>7jt,
<=7jt,
<=7jt,
<=7jt,
<=7jt,
<=7jt,
<=7jt,
<=7jt,
<=7jt,
<=7jt,
<=7jt,
<=7jt,
<=7jt,
<=7jt,
<=7jt,
<=7jt,
<=7jt,
>7jt,
<=7jt,
>7jt,
<=7jt,
<=7jt,
<=7jt,
<=7jt,
<=7jt,
<=7jt,
<=7jt,
<=7jt,
<=7jt,
<=7jt,
<=7jt,
<=7jt,
<=7jt,
<=7jt,
>7jt,
<=7jt,
>7jt,
<=7jt,
<=7jt,
>7jt,
<=7jt,
<=7jt,
>7jt,
<=7jt,
<=7jt,
<=7jt,
<=7jt,
<=7jt,
<=7jt,
>7jt,
<=7jt,
<=7jt,
>7jt,
<=7jt,
<=7jt,
<=7jt,
<=7jt,
<=7jt,
<=7jt,
<=7jt,
>7jt,
<=7jt,
<=7jt,
<=7jt,
<=7jt,
<=7jt,
<=7jt,
<=7jt,
<=7jt,
>7jt,
<=7jt,
<=7jt,
<=7jt,
<=7jt,
<=7jt,
>7jt,
<=7jt,
<=7jt,
<=7jt,
<=7jt,
<=7jt,
<=7jt,
<=7jt,
<=7jt,
<=7jt,
<=7jt,
>7jt,
<=7jt,
>7jt,
<=7jt,
<=7jt,
<=7jt,
<=7jt,
>7jt,
<=7jt,
>7jt,
<=7jt,
<=7jt,
>7jt,
<=7jt,
>7jt,
<=7jt,
<=7jt,
<=7jt,
<=7jt,
<=7jt,
<=7jt,
<=7jt,
<=7jt,
<=7jt,
<=7jt,
<=7jt,
<=7jt,
<=7jt,
<=7jt,
<=7jt,
<=7jt,
>7jt,
<=7jt,
<=7jt,
<=7jt,
<=7jt,
<=7jt,
<=7jt,
<=7jt,
<=7jt,
>7jt,
<=7jt,
>7jt,
<=7jt,
<=7jt,
<=7jt,
<=7jt,
<=7jt,
<=7jt,
<=7jt,
<=7jt,
<=7jt,
<=7jt,
<=7jt,
<=7jt,
<=7jt,
<=7jt,
<=7jt,
<=7jt,
<=7jt,
>7jt,
<=7jt,
<=7jt,
<=7jt,
<=7jt,
<=7jt,
<=7jt,
<=7jt,
<=7jt,
<=7jt,
<=7jt,
<=7jt,
<=7jt,
<=7jt,
>7jt,
<=7jt,
<=7jt,
<=7jt,
<=7jt,
<=7jt,
<=7jt,
<=7jt,
<=7jt,
<=7jt,
<=7jt,
<=7jt,
>7jt,
<=7jt,
<=7jt,
<=7jt,
<=7jt,
<=7jt,
<=7jt,
<=7jt,
<=7jt,
<=7jt,
<=7jt,
<=7jt,
<=7jt,
<=7jt,
<=7jt,
<=7jt,
<=7jt,
>7jt,
<=7jt,
<=7jt,
<=7jt,
<=7jt,
<=7jt,
<=7jt,
<=7jt,
<=7jt,
>7jt,
<=7jt,
<=7jt,
<=7jt,
<=7jt,
<=7jt,
<=7jt,
<=7jt,
>7jt,
<=7jt,
<=7jt,
>7jt,
<=7jt,
<=7jt,
<=7jt,
<=7jt,
<=7jt,
<=7jt,
<=7jt,
<=7jt,
<=7jt,
<=7jt,
>7jt,
<=7jt,
<=7jt,
<=7jt,
<=7jt,
<=7jt,
>7jt,
<=7jt,
<=7jt,
<=7jt,
<=7jt,
<=7jt,
<=7jt,
<=7jt,
<=7jt,
<=7jt,
<=7jt,
<=7jt,
<=7jt,
<=7jt,
<=7jt,
<=7jt,
<=7jt,
<=7jt,
<=7jt,
<=7jt,
<=7jt,
<=7jt,
<=7jt,
>7jt,
<=7jt,
<=7jt,
<=7jt,
<=7jt,
<=7jt,
<=7jt,
<=7jt,
>7jt,
<=7jt,
<=7jt,
<=7jt,
<=7jt,
<=7jt,
<=7jt,
<=7jt,
>7jt,
<=7jt,
<=7jt,
<=7jt,
<=7jt,
>7jt,
<=7jt,
<=7jt,
<=7jt,
>7jt,
<=7jt,
<=7jt,
>7jt,
<=7jt,
<=7jt,
>7jt,
<=7jt,
>7jt,
<=7jt,
<=7jt,
<=7jt,
<=7jt,
<=7jt,
<=7jt,
<=7jt,
<=7jt,
<=7jt,
<=7jt,
<=7jt,
<=7jt,
<=7jt,
<=7jt,
<=7jt,
>7jt,
<=7jt,
<=7jt,
<=7jt,
<=7jt,
>7jt,
<=7jt,
<=7jt,
<=7jt,
<=7jt,
<=7jt,
<=7jt,
<=7jt,
<=7jt,
<=7jt,
<=7jt,
<=7jt,
<=7jt,
<=7jt,
<=7jt,
<=7jt,
<=7jt,
<=7jt,
<=7jt,
<=7jt,
>7jt,
<=7jt,
<=7jt,
<=7jt,
<=7jt,
<=7jt,
<=7jt,
<=7jt,
<=7jt,
<=7jt,
<=7jt,
>7jt,
<=7jt,
<=7jt,
>7jt,
<=7jt,
>7jt,
<=7jt,
<=7jt,
<=7jt,
>7jt,
<=7jt,
<=7jt,
<=7jt,
<=7jt,
<=7jt,
<=7jt,
<=7jt,
<=7jt,
<=7jt,
<=7jt,
>7jt,
<=7jt,
>7jt,
<=7jt,
<=7jt,
<=7jt,
<=7jt,
<=7jt,
<=7jt,
<=7jt,
<=7jt,
<=7jt,
<=7jt,
<=7jt,
<=7jt,
<=7jt,
<=7jt,
<=7jt,
<=7jt,
<=7jt,
<=7jt,
<=7jt,
<=7jt,
<=7jt,
<=7jt,
<=7jt,
>7jt,
<=7jt,
<=7jt,
<=7jt,
<=7jt,
<=7jt,
<=7jt,
>7jt,
<=7jt,
<=7jt,
<=7jt,
<=7jt,
<=7jt,
<=7jt,
<=7jt,
<=7jt,
>7jt,
<=7jt,
>7jt,
<=7jt,
>7jt,
<=7jt,
<=7jt,
>7jt,
<=7jt,
<=7jt,
<=7jt,
<=7jt,
<=7jt,
<=7jt,
<=7jt,
<=7jt,
<=7jt,
<=7jt,
<=7jt,
<=7jt,
>7jt,
<=7jt,
<=7jt,
<=7jt,
<=7jt,
<=7jt,
<=7jt,
<=7jt,
<=7jt,
<=7jt,
<=7jt,
<=7jt,
<=7jt,
<=7jt,
<=7jt,
<=7jt,
<=7jt,
<=7jt,
<=7jt,
<=7jt,
>7jt,
<=7jt,
<=7jt,
<=7jt,
<=7jt,
<=7jt,
<=7jt,
<=7jt,
>7jt,
<=7jt,
<=7jt,
<=7jt,
<=7jt,
<=7jt,
<=7jt,
<=7jt,
<=7jt,
<=7jt,
<=7jt,
<=7jt,
<=7jt,
<=7jt,
>7jt,
<=7jt,
>7jt,
<=7jt,
<=7jt,
<=7jt,
<=7jt,
<=7jt,
<=7jt,
<=7jt,
<=7jt,
<=7jt,
<=7jt,
>7jt,
<=7jt,
<=7jt,
<=7jt,
>7jt,
<=7jt,
<=7jt,
<=7jt,
<=7jt,
<=7jt,
>7jt,
<=7jt,
<=7jt,
<=7jt,
<=7jt,
<=7jt,
<=7jt,
<=7jt,
<=7jt,
<=7jt,
<=7jt,
<=7jt,
<=7jt,
>7jt,
<=7jt,
<=7jt,
<=7jt,
<=7jt,
<=7jt,
<=7jt,
>7jt,
>7jt,
<=7jt,
<=7jt,
>7jt,
<=7jt,
<=7jt,
<=7jt,
<=7jt,
<=7jt,
<=7jt,
<=7jt,
<=7jt,
<=7jt,
<=7jt,
<=7jt,
<=7jt,
<=7jt,
>7jt,
<=7jt,
>7jt,
<=7jt,
<=7jt,
<=7jt,
<=7jt,
<=7jt,
>7jt,
<=7jt,
<=7jt,
<=7jt,
<=7jt,
<=7jt,
>7jt,
>7jt,
<=7jt,
<=7jt,
<=7jt,
<=7jt,
<=7jt,
>7jt,
<=7jt,
<=7jt,
<=7jt,
>7jt,
<=7jt,
<=7jt,
<=7jt,
<=7jt,
<=7jt,
<=7jt,
<=7jt,
<=7jt,
<=7jt,
<=7jt,
<=7jt,
<=7jt,
<=7jt,
<=7jt,
<=7jt,
<=7jt,
<=7jt,
<=7jt,
>7jt,
<=7jt,
<=7jt,
<=7jt,
<=7jt,
<=7jt,
<=7jt,
<=7jt,
<=7jt,
<=7jt,
<=7jt,
<=7jt,
<=7jt,
>7jt,
<=7jt,
<=7jt,
>7jt,
<=7jt,
<=7jt,
<=7jt,
<=7jt,
<=7jt,
<=7jt,
<=7jt,
<=7jt,
<=7jt,
<=7jt,
<=7jt,
<=7jt,
<=7jt,
<=7jt,
<=7jt,
<=7jt,
>7jt,
<=7jt,
>7jt,
<=7jt,
<=7jt,
<=7jt,
<=7jt,
<=7jt,
>7jt,
<=7jt,
<=7jt,
<=7jt,
<=7jt,
<=7jt,
<=7jt,
<=7jt,
<=7jt,
<=7jt,
>7jt,
<=7jt,
<=7jt,
<=7jt,
<=7jt,
<=7jt,
<=7jt,
<=7jt,
<=7jt,
<=7jt,
<=7jt,
>7jt,
<=7jt,
<=7jt,
<=7jt,
<=7jt,
<=7jt,
<=7jt,
<=7jt,
<=7jt,
<=7jt,
>7jt,
<=7jt,
<=7jt,
<=7jt,
<=7jt,
<=7jt,
<=7jt,
>7jt,
<=7jt,
<=7jt,
<=7jt,
>7jt,
<=7jt,
<=7jt,
<=7jt,
<=7jt,
<=7jt,
<=7jt,
<=7jt,
<=7jt,
<=7jt,
<=7jt,
<=7jt,
<=7jt,
<=7jt,
<=7jt,
<=7jt,
>7jt,
>7jt,
<=7jt,
<=7jt,
<=7jt,
<=7jt,
<=7jt,
<=7jt,
<=7jt,
<=7jt,
<=7jt,
>7jt,
<=7jt,
<=7jt,
<=7jt,
<=7jt,
<=7jt,
<=7jt,
<=7jt,
<=7jt,
<=7jt,
<=7jt,
<=7jt,
<=7jt,
<=7jt,
<=7jt,
<=7jt,
<=7jt,
<=7jt,
<=7jt,
<=7jt,
<=7jt,
>7jt,
>7jt,
<=7jt,
<=7jt,
<=7jt,
<=7jt,
<=7jt,
>7jt,
<=7jt,
<=7jt,
<=7jt,
<=7jt,
<=7jt,
>7jt,
<=7jt,
<=7jt,
<=7jt,
<=7jt,
<=7jt,
<=7jt,
<=7jt,
<=7jt,
>7jt,
<=7jt,
<=7jt,
<=7jt,
<=7jt,
<=7jt,
<=7jt,
<=7jt,
>7jt,
<=7jt,
<=7jt,
<=7jt,
<=7jt,
<=7jt,
<=7jt,
<=7jt,
<=7jt,
<=7jt,
<=7jt,
<=7jt,
<=7jt,
